	Ano	CasaID	ID_partida	PlacarCasa	PlacarVisitante	Resultado	Rodada	VisitanteID	abrev_clube_casa	abrev_clube_fora
0	2014	262	179872	0.0	0.0	Empate	1	290	FLA	GOI
2	2015	262	190387	4.0	1.0	Casa	34	290	FLA	GOI
4	2014	266	180066	2.0	0.0	Casa	13	290	FLU	GOI
6	2015	266	190326	2.0	0.0	Casa	28	290	FLU	GOI
8	2014	276	180145	3.0	0.0	Casa	31	290	SAO	GOI
10	2015	276	190233	0.0	3.0	Visitante	19	290	SAO	GOI
12	2014	277	179998	2.0	0.0	Casa	25	290	SAN	GOI
14	2015	277	190355	3.0	1.0	Casa	31	290	SAN	GOI
16	2014	293	180179	1.0	0.0	Casa	37	290	CAP	GOI
18	2015	293	190261	3.0	0.0	Casa	21	290	CAP	GOI
20	2014	282	179901	0.0	1.0	Visitante	3	290	CAM	GOI
22	2015	282	190409	2.0	2.0	Empate	36	290	CAM	GOI
24	2014	265	180090	1.0	0.0	Casa	14	290	BAH	GOI
25	2014	285	180200	1.0	0.0	Casa	34	290	INT	GOI
27	2015	285	190188	2.0	1.0	Casa	14	290	INT	GOI
29	2014	288	179933	1.0	0.0	Casa	21	290	CRI	GOI
30	2014	315	180178	0.0	0.0	Empate	19	290	CHA	GOI
32	2015	315	190423	1.0	3.0	Visitante	37	290	CHA	GOI
34	2014	263	179974	1.0	0.0	Casa	24	290	BOT	GOI
37	2014	292	180228	0.0	1.0	Visitante	30	290	SPT	GOI
39	2015	292	190101	1.0	0.0	Casa	5	290	SPT	GOI
40	2014	264	180116	5.0	2.0	Casa	16	290	COR	GOI
42	2015	264	190344	3.0	0.0	Casa	30	290	COR	GOI
44	2014	275	179915	2.0	0.0	Casa	4	290	PAL	GOI
46	2015	275	190074	0.0	1.0	Visitante	3	290	PAL	GOI
48	2014	294	180022	3.0	0.0	Casa	9	290	CFC	GOI
50	2015	294	190210	1.0	1.0	Empate	16	290	CFC	GOI
52	2014	283	180240	2.0	1.0	Casa	36	290	CRU	GOI
54	2015	283	190179	1.0	0.0	Casa	13	290	CRU	GOI
56	2014	287	180080	2.0	2.0	Empate	27	290	VIT	GOI
58	2014	284	180042	0.0	0.0	Empate	10	290	GRE	GOI
60	2015	284	190278	2.0	1.0	Casa	23	290	GRE	GOI
62	2014	316	179988	0.0	1.0	Visitante	7	290	FIG	GOI
64	2015	316	190150	3.0	1.0	Casa	10	290	FIG	GOI
66	2015	267	190056	0.0	0.0	Empate	1	290	VAS	GOI
67	2015	314	190300	2.0	1.0	Casa	25	290	AVA	GOI
68	2015	303	190115	0.0	0.0	Empate	7	290	PON	GOI
70	2015	317	190132	2.0	1.0	Casa	8	290	JEC	GOI
71	2014	262	179893	4.0	2.0	Casa	3	275	FLA	PAL
75	2015	262	190427	1.0	2.0	Visitante	38	275	FLA	PAL
79	2016	262	201297	1.0	2.0	Visitante	6	275	FLA	PAL
83	2017	262	211540	2.0	2.0		15	275	FLA	PAL
87	2014	266	179919	3.0	0.0	Casa	21	275	FLU	PAL
91	2015	266	190306	1.0	4.0	Visitante	26	275	FLU	PAL
95	2016	266	201302	0.0	2.0	Visitante	22	275	FLU	PAL
99	2017	266	211429	0.0	1.0		25	275	FLU	PAL
103	2014	276	180190	2.0	0.0	Casa	34	275	SAO	PAL
107	2015	276	190324	1.0	1.0	Empate	28	275	SAO	PAL
111	2016	276	201258	1.0	0.0	Casa	4	275	SAO	PAL
115	2017	276	211292	2.0	0.0		3	275	SAO	PAL
119	2014	277	180035	2.0	0.0	Casa	10	275	SAN	PAL
123	2015	277	190375	2.0	1.0	Casa	33	275	SAN	PAL
127	2016	277	201540	1.0	0.0	Casa	33	275	SAN	PAL
131	2017	277	211381	1.0	0.0		7	275	SAN	PAL
135	2014	293	180169	1.0	1.0	Empate	19	275	CAP	PAL
139	2015	293	190401	3.0	3.0	Empate	35	275	CAP	PAL
143	2016	293	201282	0.0	1.0	Visitante	20	275	CAP	PAL
147	2017	293	211204	3.0	0.0		38	275	CAP	PAL
151	2014	282	180089	2.0	1.0	Casa	14	275	CAM	PAL
155	2015	282	190249	2.0	1.0	Casa	20	275	CAM	PAL
159	2016	282	201571	1.0	1.0	Empate	35	275	CAM	PAL
163	2017	282	211463	1.0	1.0		23	275	CAM	PAL
167	2014	265	180207	0.0	1.0	Visitante	32	275	BAH	PAL
169	2017	265	211396	2.0	4.0		8	275	BAH	PAL
171	2014	285	180186	3.0	1.0	Casa	37	275	INT	PAL
175	2015	285	190288	1.0	0.0	Casa	24	275	INT	PAL
179	2016	285	201613	0.0	1.0	Visitante	15	275	INT	PAL
183	2014	288	179880	1.0	2.0	Visitante	1	275	CRI	PAL
185	2014	315	179994	2.0	0.0	Casa	7	275	CHA	PAL
189	2015	315	190343	5.0	1.0	Casa	29	275	CHA	PAL
193	2016	315	201536	1.0	1.0	Empate	18	275	CHA	PAL
197	2017	315	211278	1.0	0.0		2	275	CHA	PAL
201	2014	263	180065	0.0	1.0	Visitante	27	275	BOT	PAL
205	2016	263	201504	3.0	1.0	Casa	17	275	BOT	PAL
209	2017	263	211549	1.0	2.0		18	275	BOT	PAL
215	2014	292	180115	2.0	1.0	Casa	16	275	SPT	PAL
219	2015	292	190182	2.0	2.0	Empate	13	275	SPT	PAL
223	2016	292	201450	1.0	3.0	Visitante	13	275	SPT	PAL
227	2017	292	211565	0.0	2.0		16	275	SPT	PAL
229	2014	264	180055	2.0	0.0	Casa	12	275	COR	PAL
233	2015	264	190083	0.0	2.0	Visitante	4	275	COR	PAL
237	2016	264	201393	0.0	2.0	Visitante	26	275	COR	PAL
241	2017	264	211282	3.0	2.0		32	275	COR	PAL
245	2014	294	180238	2.0	0.0	Casa	36	275	CFC	PAL
249	2015	294	190230	2.0	1.0	Casa	18	275	CFC	PAL
253	2016	294	201344	2.0	2.0	Empate	8	275	CFC	PAL
257	2017	294	211334	1.0	0.0		5	275	CFC	PAL
261	2014	283	180233	1.0	1.0	Empate	30	275	CRU	PAL
265	2015	283	190217	2.0	1.0	Casa	17	275	CRU	PAL
269	2016	283	201392	2.0	1.0	Casa	11	275	CRU	PAL
273	2017	283	211473	3.0	1.0		12	275	CRU	PAL
277	2014	287	179939	0.0	1.0	Visitante	5	275	VIT	PAL
281	2016	287	201598	1.0	2.0	Visitante	38	275	VIT	PAL
285	2017	287	211266	3.0	1.0		33	275	VIT	PAL
289	2014	284	180026	0.0	0.0	Empate	9	275	GRE	PAL
293	2015	284	190127	1.0	0.0	Casa	8	275	GRE	PAL
297	2016	284	201351	0.0	0.0	Empate	24	275	GRE	PAL
301	2017	284	211325	1.0	3.0		30	275	GRE	PAL
305	2014	316	180009	3.0	1.0	Casa	25	275	FIG	PAL
309	2015	316	190109	2.0	1.0	Casa	6	275	FIG	PAL
313	2016	316	201503	1.0	2.0	Visitante	31	275	FIG	PAL
317	2014	290	179973	6.0	0.0	Casa	23	275	GOI	PAL
319	2015	290	190272	1.0	0.0	Casa	22	275	GOI	PAL
321	2015	267	190196	1.0	4.0	Visitante	15	275	VAS	PAL
323	2017	267	211520	1.0	1.0		20	275	VAS	PAL
325	2015	314	190360	1.0	3.0	Visitante	31	275	AVA	PAL
327	2017	314	211228	2.0	1.0		36	275	AVA	PAL
329	2015	303	190156	0.0	2.0	Visitante	11	275	PON	PAL
333	2016	303	201244	2.0	1.0	Casa	2	275	PON	PAL
337	2017	303	211427	1.0	2.0		10	275	PON	PAL
341	2015	317	190072	0.0	0.0	Empate	2	275	JEC	PAL
343	2016	327	201468	0.0	2.0	Visitante	29	275	AME	PAL
345	2016	344	201441	2.0	3.0	Visitante	28	275	SCZ	PAL
347	2017	373	211367	1.0	3.0		28	275	ACG	PAL
349	2014	262	179916	1.0	0.0	Casa	21	264	FLA	COR
353	2015	262	190177	0.0	3.0	Visitante	13	264	FLA	COR
357	2016	262	201513	2.0	2.0	Empate	32	264	FLA	COR
361	2017	262	211220	3.0	0.0		36	264	FLA	COR
365	2014	266	180170	5.0	2.0	Casa	37	264	FLU	COR
369	2015	266	190075	0.0	0.0	Empate	3	264	FLU	COR
373	2016	266	201334	1.0	0.0	Casa	8	264	FLU	COR
377	2017	266	211559	0.0	1.0		16	264	FLU	COR
381	2014	276	179913	1.0	1.0	Empate	4	264	SAO	COR
385	2015	276	190213	1.0	1.0	Empate	17	264	SAO	COR
389	2016	276	201558	4.0	0.0	Casa	34	264	SAO	COR
393	2017	276	211432	1.0	1.0		25	264	SAO	COR
397	2014	277	180086	0.0	1.0	Visitante	14	264	SAN	COR
401	2015	277	190124	1.0	0.0	Casa	8	264	SAN	COR
405	2016	277	201347	2.0	1.0	Casa	24	264	SAN	COR
409	2017	277	211461	2.0	0.0		23	264	SAN	COR
413	2014	293	180001	1.0	0.0	Casa	25	264	CAP	COR
417	2015	293	190361	1.0	4.0	Visitante	31	264	CAP	COR
421	2016	293	201534	2.0	0.0	Casa	18	264	CAP	COR
425	2017	293	211264	0.0	1.0		33	264	CAP	COR
429	2014	282	179877	0.0	0.0	Empate	1	264	CAM	COR
433	2015	282	190379	0.0	3.0	Visitante	33	264	CAM	COR
437	2016	282	201377	2.0	1.0	Casa	10	264	CAM	COR
441	2017	282	211553	0.0	2.0		18	264	CAM	COR
445	2014	265	180198	1.0	2.0	Visitante	34	264	BAH	COR
447	2017	265	211366	2.0	0.0		28	264	BAH	COR
449	2014	285	180252	1.0	2.0	Visitante	29	264	INT	COR
453	2015	285	190308	2.0	1.0	Casa	26	264	INT	COR
457	2016	285	201512	0.0	1.0	Visitante	17	264	INT	COR
461	2014	288	180176	0.0	0.0	Empate	19	264	CRI	COR
463	2014	315	179908	0.0	1.0	Visitante	3	264	CHA	COR
467	2015	315	190263	1.0	3.0	Visitante	21	264	CHA	COR
471	2016	315	201460	0.0	2.0	Visitante	14	264	CHA	COR
475	2017	315	211528	0.0	0.0		20	264	CHA	COR
479	2014	263	180013	1.0	0.0	Casa	28	264	BOT	COR
483	2016	263	201426	2.0	0.0	Casa	28	264	BOT	COR
487	2017	263	211319	2.0	1.0		30	264	BOT	COR
493	2014	292	179971	1.0	4.0	Visitante	7	264	SPT	COR
497	2015	292	190422	2.0	0.0	Casa	37	264	SPT	COR
501	2016	292	201265	0.0	2.0	Visitante	4	264	SPT	COR
505	2017	292	211205	1.0	0.0		38	264	SPT	COR
507	2014	275	180146	1.0	1.0	Empate	31	264	PAL	COR
511	2015	275	190275	3.0	3.0	Empate	23	264	PAL	COR
515	2016	275	201317	1.0	0.0	Casa	7	264	PAL	COR
519	2017	275	211491	0.0	2.0		13	264	PAL	COR
523	2014	294	180071	0.0	0.0	Empate	13	264	CFC	COR
527	2015	294	190200	1.0	1.0	Empate	15	264	CFC	COR
531	2016	294	201376	1.0	1.0	Empate	25	264	CFC	COR
535	2017	294	211394	0.0	0.0		8	264	CFC	COR
539	2014	283	180079	0.0	1.0	Visitante	27	264	CRU	COR
543	2015	283	190058	0.0	1.0	Visitante	1	264	CRU	COR
547	2016	283	201602	3.0	2.0	Casa	38	264	CRU	COR
551	2017	283	211413	1.0	1.0		26	264	CRU	COR
555	2014	287	180049	0.0	0.0	Empate	11	264	VIT	COR
559	2016	287	201236	3.0	2.0	Casa	2	264	VIT	COR
563	2017	287	211276	0.0	1.0		2	264	VIT	COR
567	2014	284	180132	2.0	1.0	Casa	17	264	GRE	COR
571	2015	284	190097	3.0	1.0	Casa	5	264	GRE	COR
575	2016	284	201281	3.0	0.0	Casa	20	264	GRE	COR
579	2017	284	211425	0.0	1.0		10	264	GRE	COR
583	2014	316	180124	1.0	0.0	Casa	24	264	FIG	COR
587	2015	316	190330	1.0	3.0	Visitante	28	264	FIG	COR
591	2016	316	201574	1.0	1.0	Empate	35	264	FIG	COR
595	2014	290	180220	0.0	1.0	Visitante	35	264	GOI	COR
597	2015	290	190162	0.0	0.0	Empate	11	264	GOI	COR
599	2015	267	190397	1.0	1.0	Empate	35	264	VAS	COR
601	2017	267	211330	2.0	5.0		5	264	VAS	COR
603	2015	314	190239	1.0	2.0	Visitante	19	264	AVA	COR
605	2017	314	211548	0.0	0.0		15	264	AVA	COR
607	2015	303	190336	2.0	2.0	Empate	29	264	PON	COR
611	2016	303	201318	2.0	0.0	Casa	22	264	PON	COR
615	2017	303	211307	1.0	0.0		31	264	PON	COR
619	2015	317	190112	0.0	1.0	Visitante	6	264	JEC	COR
621	2016	327	201418	0.0	2.0	Visitante	12	264	AME	COR
623	2016	344	201486	2.0	4.0	Visitante	30	264	SCZ	COR
625	2017	373	211297	0.0	1.0		3	264	ACG	COR
627	2014	262	179927	0.0	2.0	Visitante	5	276	FLA	SAO
631	2015	262	190247	2.0	1.0	Casa	20	276	FLA	SAO
635	2016	262	201354	2.0	2.0	Empate	9	276	FLA	SAO
639	2017	262	211440	2.0	0.0		11	276	FLA	SAO
643	2014	266	179948	5.0	2.0	Casa	6	276	FLU	SAO
647	2015	266	190346	2.0	0.0	Casa	30	276	FLU	SAO
651	2016	266	201489	1.0	2.0	Visitante	31	276	FLU	SAO
655	2017	266	211339	3.0	1.0		29	276	FLU	SAO
659	2014	277	180234	0.0	1.0	Visitante	36	276	SAN	SAO
663	2015	277	190285	3.0	0.0	Casa	24	276	SAN	SAO
667	2016	277	201390	3.0	0.0	Casa	11	276	SAN	SAO
671	2017	277	211471	3.0	2.0		12	276	SAN	SAO
675	2014	293	180002	2.0	2.0	Empate	8	276	CAP	SAO
679	2015	293	190151	2.0	1.0	Casa	10	276	CAP	SAO
683	2016	293	201401	1.0	0.0	Casa	26	276	CAP	SAO
687	2017	293	211404	1.0	0.0		9	276	CAP	SAO
691	2014	282	180106	1.0	0.0	Casa	28	276	CAM	SAO
695	2015	282	190208	3.0	1.0	Casa	16	276	CAM	SAO
699	2016	282	201592	1.0	2.0	Visitante	37	276	CAM	SAO
703	2017	282	211373	1.0	0.0		27	276	CAM	SAO
707	2014	265	180039	0.0	2.0	Visitante	10	276	BAH	SAO
709	2017	265	211536	2.0	1.0		19	276	BAH	SAO
711	2014	285	180121	0.0	1.0	Visitante	16	276	INT	SAO
715	2015	285	190087	0.0	0.0	Empate	4	276	INT	SAO
719	2016	285	201291	1.0	1.0	Empate	21	276	INT	SAO
723	2014	288	180214	1.0	2.0	Visitante	32	276	CRI	SAO
725	2014	315	180239	0.0	0.0	Empate	30	276	CHA	SAO
729	2015	315	190122	0.0	1.0	Visitante	7	276	CHA	SAO
733	2016	315	201585	2.0	0.0	Casa	36	276	CHA	SAO
737	2017	315	211518	2.0	0.0		14	276	CHA	SAO
741	2014	263	179892	2.0	4.0	Visitante	20	276	BOT	SAO
745	2016	263	201227	0.0	1.0	Visitante	1	276	BOT	SAO
749	2017	263	211569	3.0	4.0		17	276	BOT	SAO
755	2014	292	180147	1.0	0.0	Casa	38	276	SPT	SAO
759	2015	292	190191	2.0	0.0	Casa	14	276	SPT	SAO
763	2016	292	201469	1.0	1.0	Empate	29	276	SPT	SAO
767	2017	292	211385	0.0	0.0		7	276	SPT	SAO
769	2014	264	179964	3.0	2.0	Casa	23	276	COR	SAO
773	2015	264	190404	6.0	1.0	Casa	36	276	COR	SAO
777	2016	264	201467	1.0	1.0	Empate	15	276	COR	SAO
781	2017	264	211352	3.0	2.0		6	276	COR	SAO
785	2014	275	180100	1.0	2.0	Visitante	15	276	PAL	SAO
789	2015	275	190134	4.0	0.0	Casa	9	276	PAL	SAO
793	2016	275	201329	2.0	1.0	Casa	23	276	PAL	SAO
797	2017	275	211481	4.0	2.0		22	276	PAL	SAO
801	2014	294	179947	3.0	1.0	Casa	22	276	CFC	SAO
805	2015	294	190371	1.0	2.0	Visitante	32	276	CFC	SAO
809	2016	294	201252	1.0	1.0	Empate	3	276	CFC	SAO
813	2017	294	211214	1.0	2.0		37	276	CFC	SAO
817	2014	283	179887	1.0	1.0	Empate	2	276	CRU	SAO
821	2015	283	190389	2.0	1.0	Casa	34	276	CRU	SAO
825	2016	283	201301	0.0	1.0	Visitante	6	276	CRU	SAO
829	2017	283	211243	1.0	0.0		1	276	CRU	SAO
833	2014	287	180221	1.0	2.0	Visitante	33	276	VIT	SAO
837	2016	287	201411	2.0	0.0	Casa	27	276	VIT	SAO
841	2017	287	211456	1.0	2.0		24	276	VIT	SAO
845	2014	284	180029	0.0	1.0	Visitante	26	276	GRE	SAO
849	2015	284	190298	1.0	2.0	Visitante	25	276	GRE	SAO
853	2016	284	201496	1.0	0.0	Casa	16	276	GRE	SAO
857	2017	284	211235	1.0	0.0		35	276	GRE	SAO
861	2014	316	180155	1.0	1.0	Empate	18	276	FIG	SAO
865	2015	316	190229	0.0	2.0	Visitante	18	276	FIG	SAO
869	2016	316	201273	1.0	0.0	Casa	5	276	FIG	SAO
873	2014	290	180063	2.0	1.0	Casa	12	276	GOI	SAO
875	2015	290	190432	0.0	1.0	Visitante	38	276	GOI	SAO
877	2015	267	190167	0.0	4.0	Visitante	12	276	VAS	SAO
879	2017	267	211250	1.0	1.0		34	276	VAS	SAO
881	2015	314	190320	2.0	1.0	Casa	27	276	AVA	SAO
883	2017	314	211508	1.0	1.0		21	276	AVA	SAO
885	2015	303	190065	1.0	0.0	Casa	2	276	PON	SAO
889	2016	303	201448	1.0	0.0	Casa	13	276	PON	SAO
893	2017	303	211317	1.0	0.0		4	276	PON	SAO
897	2015	317	190273	0.0	0.0	Empate	22	276	JEC	SAO
899	2016	327	201551	1.0	0.0	Casa	33	276	AME	SAO
901	2016	344	201555	1.0	2.0	Visitante	19	276	SCZ	SAO
903	2017	373	211287	0.0	1.0		32	276	ACG	SAO
905	2014	262	179946	1.0	1.0	Empate	6	265	FLA	BAH
907	2017	262	211340	4.0	1.0		29	265	FLA	BAH
909	2014	266	180016	1.0	1.0	Empate	26	265	FLU	BAH
911	2017	266	211299	1.0	1.0		31	265	FLU	BAH
913	2014	276	180247	2.0	1.0	Casa	29	265	SAO	BAH
915	2017	276	211202	1.0	1.0		38	265	SAO	BAH
917	2014	277	180073	1.0	0.0	Casa	27	265	SAN	BAH
919	2017	277	211561	3.0	0.0		16	265	SAN	BAH
921	2014	293	180129	0.0	0.0	Empate	17	265	CAP	BAH
923	2017	293	211524	4.0	1.0		20	265	CAP	BAH
925	2014	282	180048	1.0	1.0	Empate	11	265	CAM	BAH
927	2017	282	211543	0.0	2.0		15	265	CAM	BAH
929	2014	285	180162	2.0	0.0	Casa	31	265	INT	BAH
931	2014	288	180219	0.0	1.0	Visitante	35	265	CRI	BAH
932	2014	315	180030	2.0	1.0	Casa	9	265	CHA	BAH
934	2017	315	211558	1.0	1.0		18	265	CHA	BAH
936	2014	263	179938	2.0	3.0	Visitante	22	265	BOT	BAH
938	2017	263	211289	1.0	0.0		3	265	BOT	BAH
941	2014	292	179928	1.0	0.0	Casa	5	265	SPT	BAH
943	2017	292	211225	1.0	0.0		36	265	SPT	BAH
944	2014	264	180099	1.0	1.0	Empate	15	265	COR	BAH
946	2017	264	211402	3.0	0.0		9	265	COR	BAH
948	2014	275	180070	1.0	1.0	Empate	13	265	PAL	BAH
950	2017	275	211371	2.0	2.0		27	265	PAL	BAH
952	2014	294	180151	3.0	2.0	Casa	38	265	CFC	BAH
954	2017	294	211384	0.0	0.0		7	265	CFC	BAH
956	2014	283	179905	2.0	1.0	Casa	20	265	CRU	BAH
958	2017	283	211453	1.0	0.0		24	265	CRU	BAH
960	2014	287	179969	2.0	1.0	Casa	23	265	VIT	BAH
962	2017	287	211446	0.0	0.0		11	265	VIT	BAH
964	2014	284	180153	1.0	0.0	Casa	18	265	GRE	BAH
966	2017	284	211355	1.0	0.0		6	265	GRE	BAH
968	2014	316	179890	0.0	2.0	Visitante	2	265	FIG	BAH
970	2014	290	180224	3.0	0.0	Casa	33	265	GOI	BAH
971	2017	267	211270	2.0	1.0		2	265	VAS	BAH
972	2017	314	211268	1.0	2.0		33	265	AVA	BAH
973	2017	303	211497	0.0	3.0		13	265	PON	BAH
975	2017	373	211467	1.0	1.0		23	265	ACG	BAH
976	2014	262	179960	1.0	1.0	Empate	23	266	FLA	FLU
980	2015	262	190086	2.0	3.0	Visitante	4	266	FLA	FLU
984	2016	262	201388	1.0	2.0	Visitante	11	266	FLA	FLU
988	2017	262	211370	1.0	1.0		27	266	FLA	FLU
992	2014	276	179995	1.0	3.0	Visitante	25	266	SAO	FLU
996	2015	276	190154	0.0	0.0	Empate	11	266	SAO	FLU
1000	2016	276	201407	2.0	1.0	Casa	12	266	SAO	FLU
1004	2017	276	211422	1.0	1.0		10	266	SAO	FLU
1008	2014	277	180230	0.0	1.0	Visitante	30	266	SAN	FLU
1012	2015	277	190335	3.0	1.0	Casa	29	266	SAN	FLU
1016	2016	277	201449	2.0	1.0	Casa	29	266	SAN	FLU
1020	2017	277	211521	0.0	0.0		20	266	SAN	FLU
1024	2014	293	180058	0.0	3.0	Visitante	12	266	CAP	FLU
1028	2015	293	190181	1.0	2.0	Visitante	13	266	CAP	FLU
1032	2016	293	201497	1.0	0.0	Casa	16	266	CAP	FLU
1036	2017	293	211454	3.0	1.0		24	266	CAP	FLU
1040	2014	282	180005	2.0	0.0	Casa	8	266	CAM	FLU
1044	2015	282	190068	4.0	1.0	Casa	2	266	CAM	FLU
1048	2016	282	201270	1.0	1.0	Empate	5	266	CAM	FLU
1052	2017	282	211273	1.0	2.0		2	266	CAM	FLU
1056	2014	265	179985	0.0	1.0	Visitante	7	266	BAH	FLU
1058	2017	265	211476	1.0	1.0		12	266	BAH	FLU
1060	2014	285	180111	2.0	1.0	Casa	28	266	INT	FLU
1064	2015	285	190227	1.0	0.0	Casa	18	266	INT	FLU
1068	2016	285	201548	2.0	2.0	Empate	19	266	INT	FLU
1072	2014	288	180044	3.0	2.0	Casa	10	266	CRI	FLU
1074	2014	315	180123	1.0	0.0	Casa	16	266	CHA	FLU
1078	2015	315	190202	2.0	1.0	Casa	15	266	CHA	FLU
1082	2016	315	201306	0.0	0.0	Empate	6	266	CHA	FLU
1086	2017	315	211328	2.0	0.0		30	266	CHA	FLU
1090	2014	263	180096	2.0	0.0	Casa	15	266	BOT	FLU
1094	2016	263	201323	1.0	0.0	Casa	23	266	BOT	FLU
1098	2017	263	211279	1.0	2.0		32	266	BOT	FLU
1104	2014	292	180227	2.0	2.0	Empate	36	266	SPT	FLU
1108	2015	292	190302	1.0	0.0	Casa	25	266	SPT	FLU
1112	2016	292	201369	2.0	1.0	Casa	9	266	SPT	FLU
1116	2017	292	211555	2.0	2.0		18	266	SPT	FLU
1118	2014	264	180138	1.0	1.0	Empate	18	266	COR	FLU
1122	2015	264	190264	2.0	0.0	Casa	22	266	COR	FLU
1126	2016	264	201414	0.0	1.0	Visitante	27	266	COR	FLU
1130	2017	264	211232	3.0	1.0		35	266	COR	FLU
1134	2014	275	179885	0.0	1.0	Visitante	2	266	PAL	FLU
1138	2015	275	190114	2.0	1.0	Casa	7	266	PAL	FLU
1142	2016	275	201249	2.0	0.0	Casa	3	266	PAL	FLU
1146	2017	275	211351	3.0	1.0		6	266	PAL	FLU
1150	2014	294	180215	1.0	0.0	Casa	33	266	CFC	FLU
1154	2015	294	190291	1.0	1.0	Empate	24	266	CFC	FLU
1158	2016	294	201524	1.0	1.0	Empate	32	266	CFC	FLU
1162	2017	294	211514	1.0	2.0		14	266	CFC	FLU
1166	2014	283	180152	2.0	1.0	Casa	38	266	CRU	FLU
1170	2015	283	190359	2.0	0.0	Casa	31	266	CRU	FLU
1174	2016	283	201560	4.0	2.0	Casa	34	266	CRU	FLU
1178	2017	283	211253	3.0	1.0		34	266	CRU	FLU
1182	2014	287	180057	3.0	1.0	Casa	22	266	VIT	FLU
1186	2016	287	201452	0.0	0.0	Empate	14	266	VIT	FLU
1190	2017	287	211466	2.0	2.0		23	266	VIT	FLU
1194	2014	284	179942	1.0	0.0	Casa	5	266	GRE	FLU
1198	2015	284	190398	1.0	0.0	Casa	35	266	GRE	FLU
1202	2016	284	201398	0.0	1.0	Visitante	26	266	GRE	FLU
1206	2017	284	211415	1.0	0.0		26	266	GRE	FLU
1210	2014	316	179912	1.0	1.0	Empate	20	266	FIG	FLU
1214	2015	316	190430	1.0	0.0	Casa	38	266	FIG	FLU
1218	2016	316	201595	1.0	0.0	Casa	37	266	FIG	FLU
1222	2014	290	180217	0.0	2.0	Visitante	32	266	GOI	FLU
1224	2015	290	190142	1.0	2.0	Visitante	9	266	GOI	FLU
1226	2015	267	190377	0.0	1.0	Visitante	33	266	VAS	FLU
1228	2017	267	211290	3.0	2.0		3	266	VAS	FLU
1230	2015	314	190218	1.0	0.0	Casa	17	266	AVA	FLU
1232	2017	314	211408	0.0	3.0		9	266	AVA	FLU
1234	2015	303	190316	3.0	1.0	Casa	27	266	PON	FLU
1238	2016	303	201586	1.0	0.0	Casa	36	266	PON	FLU
1242	2017	303	211577	0.0	0.0		17	266	PON	FLU
1246	2015	317	190253	2.0	1.0	Casa	20	266	JEC	FLU
1248	2016	327	201233	0.0	1.0	Visitante	1	266	AME	FLU
1250	2016	344	201296	0.0	1.0	Visitante	21	266	SCZ	FLU
1252	2017	373	211207	1.0	1.0		38	266	ACG	FLU
1254	2014	262	179996	1.0	1.0	Empate	8	316	FLA	FIG
1258	2015	262	190157	1.0	2.0	Visitante	11	316	FLA	FIG
1262	2016	262	201391	2.0	0.0	Casa	26	316	FLA	FIG
1266	2014	266	179873	3.0	0.0	Casa	1	316	FLU	FIG
1270	2015	266	190235	2.0	1.0	Casa	19	316	FLU	FIG
1274	2016	266	201526	3.0	2.0	Casa	18	316	FLU	FIG
1278	2014	276	180175	1.0	1.0	Empate	37	316	SAO	FIG
1282	2015	276	190414	3.0	2.0	Casa	37	316	SAO	FIG
1286	2016	276	201346	3.0	1.0	Casa	24	316	SAO	FIG
1290	2014	277	179966	3.0	1.0	Casa	23	316	SAN	FIG
1294	2015	277	190175	3.0	0.0	Casa	13	316	SAN	FIG
1298	2016	277	201307	0.0	1.0	Visitante	22	316	SAN	FIG
1302	2014	293	180103	3.0	0.0	Casa	28	316	CAP	FIG
1306	2015	293	190100	1.0	0.0	Casa	5	316	CAP	FIG
1310	2016	293	201262	2.0	1.0	Casa	4	316	CAP	FIG
1314	2014	282	180196	1.0	1.0	Empate	34	316	CAM	FIG
1318	2015	282	190198	1.0	0.0	Casa	15	316	CAM	FIG
1322	2016	282	201519	3.0	0.0	Casa	32	316	CAM	FIG
1326	2014	265	179931	3.0	0.0	Casa	21	316	BAH	FIG
1328	2014	285	180174	2.0	3.0	Visitante	19	316	INT	FIG
1332	2015	285	190318	1.0	1.0	Empate	27	316	INT	FIG
1336	2016	285	201436	1.0	0.0	Casa	28	316	INT	FIG
1340	2014	288	179906	1.0	0.0	Casa	3	316	CRI	FIG
1342	2014	315	180093	0.0	1.0	Visitante	14	316	CHA	FIG
1346	2015	315	190222	2.0	2.0	Empate	17	316	CHA	FIG
1350	2016	315	201563	1.0	0.0	Casa	34	316	CHA	FIG
1354	2014	263	180183	0.0	1.0	Visitante	35	316	BOT	FIG
1358	2016	263	201370	0.0	0.0	Empate	10	316	BOT	FIG
1364	2014	292	180184	1.0	0.0	Casa	32	316	SPT	FIG
1368	2015	292	190061	4.0	1.0	Casa	1	316	SPT	FIG
1372	2016	292	201607	2.0	0.0	Casa	38	316	SPT	FIG
1374	2014	264	179930	0.0	1.0	Visitante	5	316	COR	FIG
1378	2015	264	190133	2.0	1.0	Casa	9	316	COR	FIG
1382	2016	264	201490	1.0	1.0	Empate	16	316	COR	FIG
1386	2014	275	179950	1.0	0.0	Casa	6	316	PAL	FIG
1390	2015	275	190295	2.0	0.0	Casa	25	316	PAL	FIG
1394	2016	275	201409	4.0	0.0	Casa	12	316	PAL	FIG
1398	2014	294	180037	0.0	2.0	Visitante	10	316	CFC	FIG
1402	2015	294	190381	1.0	1.0	Empate	33	316	CFC	FIG
1406	2016	294	201483	0.0	0.0	Empate	30	316	CFC	FIG
1410	2014	283	180059	5.0	0.0	Casa	12	316	CRU	FIG
1414	2015	283	190279	5.0	1.0	Casa	23	316	CRU	FIG
1418	2016	283	201240	2.0	2.0	Empate	2	316	CRU	FIG
1422	2014	287	180131	0.0	1.0	Visitante	17	316	VIT	FIG
1426	2016	287	201577	4.0	0.0	Casa	36	316	VIT	FIG
1430	2014	284	180236	1.0	0.0	Casa	30	316	GRE	FIG
1434	2015	284	190077	1.0	0.0	Casa	3	316	GRE	FIG
1438	2016	284	201458	2.0	1.0	Casa	14	316	GRE	FIG
1442	2014	290	180036	1.0	0.0	Casa	26	316	GOI	FIG
1444	2015	290	190342	2.0	3.0	Visitante	29	316	GOI	FIG
1446	2015	267	190257	0.0	1.0	Visitante	21	316	VAS	FIG
1448	2015	314	190119	1.0	1.0	Empate	7	316	AVA	FIG
1450	2015	303	190396	0.0	1.0	Visitante	35	316	PON	FIG
1454	2016	303	201284	2.0	0.0	Casa	20	316	PON	FIG
1458	2015	317	190363	1.0	0.0	Casa	31	316	JEC	FIG
1460	2016	327	201308	1.0	0.0	Casa	6	316	AME	FIG
1462	2016	344	201350	1.0	0.0	Casa	8	316	SCZ	FIG
1464	2014	262	180014	0.0	1.0	Visitante	26	277	FLA	SAN
1468	2015	262	190206	2.0	2.0	Empate	16	277	FLA	SAN
1472	2016	262	201589	2.0	0.0	Casa	37	277	FLA	SAN
1476	2017	262	211210	1.0	2.0		37	277	FLA	SAN
1480	2014	266	180041	1.0	0.0	Casa	11	277	FLU	SAN
1484	2015	266	190146	2.0	1.0	Casa	10	277	FLU	SAN
1488	2016	266	201371	2.0	4.0	Visitante	10	277	FLU	SAN
1492	2017	266	211239	3.0	2.0		1	277	FLU	SAN
1496	2014	276	180127	2.0	1.0	Casa	17	277	SAO	SAN
1500	2015	276	190093	3.0	2.0	Casa	5	277	SAO	SAN
1504	2016	276	201474	0.0	1.0	Visitante	30	277	SAO	SAN
1508	2017	276	211302	2.0	1.0		31	277	SAO	SAN
1512	2014	293	180202	1.0	1.0	Empate	35	277	CAP	SAN
1516	2015	293	190240	0.0	0.0	Empate	19	277	CAP	SAN
1520	2016	293	201364	1.0	0.0	Casa	9	277	CAP	SAN
1524	2017	293	211354	0.0	2.0		6	277	CAP	SAN
1528	2014	282	179982	3.0	2.0	Casa	24	277	CAM	SAN
1532	2015	282	190118	2.0	2.0	Empate	7	277	CAM	SAN
1536	2016	282	201234	1.0	0.0	Casa	1	277	CAM	SAN
1540	2017	282	211493	0.0	1.0		13	277	CAM	SAN
1544	2014	265	180006	0.0	2.0	Visitante	8	277	BAH	SAN
1546	2017	265	211236	3.0	1.0		35	277	BAH	SAN
1548	2014	285	180075	1.0	0.0	Casa	13	277	INT	SAN
1552	2015	285	190137	1.0	0.0	Casa	9	277	INT	SAN
1556	2016	285	201331	2.0	1.0	Casa	23	277	INT	SAN
1560	2014	288	180112	3.0	0.0	Casa	28	277	CRI	SAN
1562	2014	315	180173	1.0	1.0	Empate	31	277	CHA	SAN
1566	2015	315	190082	1.0	0.0	Casa	3	277	CHA	SAN
1570	2016	315	201525	0.0	1.0	Visitante	32	277	CHA	SAN
1574	2017	315	211258	2.0	0.0		34	277	CHA	SAN
1578	2014	263	180136	1.0	0.0	Casa	18	277	BOT	SAN
1582	2016	263	201361	0.0	1.0	Visitante	25	277	BOT	SAN
1586	2017	263	211448	2.0	0.0		24	277	BOT	SAN
1592	2014	292	179895	3.0	1.0	Casa	20	277	SPT	SAN
1596	2015	292	190282	1.0	1.0	Empate	23	277	SPT	SAN
1600	2016	292	201425	1.0	0.0	Casa	27	277	SPT	SAN
1604	2017	292	211345	1.0	1.0		29	277	SPT	SAN
1606	2014	264	180212	1.0	0.0	Casa	33	277	COR	SAN
1610	2015	264	190314	2.0	0.0	Casa	27	277	COR	SAN
1614	2016	264	201268	1.0	0.0	Casa	5	277	COR	SAN
1618	2017	264	211312	2.0	0.0		4	277	COR	SAN
1622	2014	275	180248	1.0	3.0	Visitante	29	277	PAL	SAN
1626	2015	275	190185	1.0	0.0	Casa	14	277	PAL	SAN
1630	2016	275	201456	1.0	1.0	Empate	14	277	PAL	SAN
1634	2017	275	211411	0.0	1.0		26	277	PAL	SAN
1638	2014	294	179886	0.0	0.0	Empate	2	277	CFC	SAN
1642	2015	294	190411	1.0	0.0	Casa	36	277	CFC	SAN
1646	2016	294	201292	2.0	1.0	Casa	21	277	CFC	SAN
1650	2017	294	211504	0.0	0.0		21	277	CFC	SAN
1654	2014	283	180104	3.0	0.0	Casa	15	277	CRU	SAN
1658	2015	283	190259	0.0	1.0	Visitante	21	277	CRU	SAN
1662	2016	283	201582	2.0	2.0	Empate	36	277	CRU	SAN
1666	2017	283	211483	1.0	1.0		22	277	CRU	SAN
1670	2014	287	180154	0.0	1.0	Visitante	38	277	VIT	SAN
1674	2016	287	201481	2.0	3.0	Visitante	16	277	VIT	SAN
1678	2017	287	211406	0.0	2.0		9	277	VIT	SAN
1682	2014	284	179954	0.0	0.0	Empate	22	277	GRE	SAN
1686	2015	284	190348	1.0	0.0	Casa	30	277	GRE	SAN
1690	2016	284	201413	3.0	2.0	Casa	12	277	GRE	SAN
1694	2017	284	211575	1.0	1.0		17	277	GRE	SAN
1698	2014	316	179923	0.0	2.0	Visitante	4	277	FIG	SAN
1702	2015	316	190370	0.0	0.0	Empate	32	277	FIG	SAN
1706	2016	316	201566	2.0	2.0	Empate	3	277	FIG	SAN
1710	2014	290	179963	2.0	2.0	Empate	6	277	GOI	SAN
1712	2015	290	190172	4.0	1.0	Casa	12	277	GOI	SAN
1714	2015	267	190417	1.0	0.0	Casa	37	277	VAS	SAN
1716	2017	267	211510	0.0	0.0		14	277	VAS	SAN
1718	2015	314	190059	1.0	1.0	Empate	1	277	AVA	SAN
1720	2017	314	211538	0.0	0.0		19	277	AVA	SAN
1722	2015	303	190296	3.0	1.0	Casa	25	277	PON	SAN
1726	2016	303	201564	1.0	2.0	Visitante	34	277	PON	SAN
1730	2017	303	211377	1.0	1.0		27	277	PON	SAN
1734	2015	317	190393	0.0	0.0	Empate	34	277	JEC	SAN
1736	2016	327	201554	1.0	0.0	Casa	19	277	AME	SAN
1738	2016	344	201328	0.0	2.0	Visitante	7	277	SCZ	SAN
1740	2017	373	211447	1.0	1.0		11	277	ACG	SAN
1742	2014	262	180031	1.0	2.0	Visitante	10	293	FLA	CAP
1746	2015	262	190226	3.0	2.0	Casa	18	293	FLA	CAP
1750	2016	262	201541	1.0	0.0	Casa	19	293	FLA	CAP
1754	2017	262	211480	2.0	0.0		22	293	FLA	CAP
1758	2014	266	180140	2.0	1.0	Casa	31	293	FLU	CAP
1762	2015	266	190366	0.0	1.0	Visitante	32	293	FLU	CAP
1766	2016	266	201568	1.0	1.0	Empate	35	293	FLU	CAP
1770	2017	266	211329	1.0	1.0		5	293	FLU	CAP
1774	2014	276	180069	1.0	0.0	Casa	27	293	SAO	CAP
1778	2015	276	190334	1.0	0.0	Casa	29	293	SAO	CAP
1782	2016	276	201315	1.0	2.0	Visitante	7	293	SAO	CAP
1786	2017	276	211362	2.0	1.0		28	293	SAO	CAP
1790	2014	277	180117	2.0	0.0	Casa	16	293	SAN	CAP
1794	2015	277	190425	5.0	1.0	Casa	38	293	SAN	CAP
1798	2016	277	201430	2.0	0.0	Casa	28	293	SAN	CAP
1802	2017	277	211431	1.0	0.0		25	293	SAN	CAP
1806	2014	282	180072	3.0	1.0	Casa	13	293	CAM	CAP
1810	2015	282	190269	0.0	1.0	Visitante	22	293	CAM	CAP
1814	2016	282	201290	1.0	0.0	Casa	21	293	CAM	CAP
1818	2017	282	211383	0.0	1.0		7	293	CAM	CAP
1822	2014	265	180241	1.0	2.0	Visitante	36	293	BAH	CAP
1824	2017	265	211246	6.0	2.0		1	293	BAH	CAP
1826	2014	285	179922	2.0	1.0	Casa	4	293	INT	CAP
1830	2015	285	190248	2.0	0.0	Casa	20	293	INT	CAP
1834	2016	285	201271	1.0	0.0	Casa	5	293	INT	CAP
1838	2014	288	180237	0.0	1.0	Visitante	30	293	CRI	CAP
1840	2014	315	179990	3.0	0.0	Casa	24	293	CHA	CAP
1844	2015	315	190383	0.0	0.0	Empate	33	293	CHA	CAP
1848	2016	315	201382	0.0	0.0	Empate	10	293	CHA	CAP
1852	2017	315	211478	1.0	1.0		12	293	CHA	CAP
1856	2014	263	180209	0.0	2.0	Visitante	33	293	BOT	CAP
1860	2016	263	201246	2.0	1.0	Casa	3	293	BOT	CAP
1864	2017	263	211249	0.0	1.0		34	293	BOT	CAP
1870	2014	292	180098	1.0	1.0	Empate	15	293	SPT	CAP
1874	2015	292	190412	0.0	0.0	Empate	36	293	SPT	CAP
1878	2016	292	201520	2.0	0.0	Casa	17	293	SPT	CAP
1882	2017	292	211445	1.0	0.0		11	293	SPT	CAP
1884	2014	264	179949	1.0	1.0	Empate	6	293	COR	CAP
1888	2015	264	190164	2.0	0.0	Casa	12	293	COR	CAP
1892	2016	264	201590	0.0	0.0	Empate	37	293	COR	CAP
1896	2017	264	211512	2.0	2.0		14	293	COR	CAP
1900	2014	275	180149	1.0	1.0	Empate	38	293	PAL	CAP
1904	2015	275	190204	0.0	1.0	Visitante	16	293	PAL	CAP
1908	2016	275	201229	4.0	0.0	Casa	1	293	PAL	CAP
1912	2017	275	211531	0.0	1.0		19	293	PAL	CAP
1916	2014	294	180021	1.0	0.0	Casa	26	293	CFC	CAP
1920	2015	294	190321	2.0	0.0	Casa	27	293	CFC	CAP
1924	2016	294	201415	1.0	0.0	Casa	12	293	CFC	CAP
1928	2017	294	211314	1.0	0.0		4	293	CFC	CAP
1932	2014	283	179951	2.0	0.0	Casa	22	293	CRU	CAP
1936	2015	283	190159	2.0	0.0	Casa	11	293	CRU	CAP
1940	2016	283	201457	0.0	3.0	Visitante	14	293	CRU	CAP
1944	2017	283	211283	1.0	0.0		32	293	CRU	CAP
1948	2014	287	179888	2.0	2.0	Empate	2	293	VIT	CAP
1952	2016	287	201556	3.0	2.0	Casa	34	293	VIT	CAP
1956	2017	287	211346	2.0	3.0		29	293	VIT	CAP
1960	2014	284	179910	1.0	0.0	Casa	20	293	GRE	CAP
1964	2015	284	190117	2.0	1.0	Casa	7	293	GRE	CAP
1968	2016	284	201482	1.0	0.0	Casa	30	293	GRE	CAP
1972	2017	284	211505	0.0	0.0		21	293	GRE	CAP
1976	2014	316	180028	1.0	3.0	Visitante	9	293	FIG	CAP
1980	2015	316	190290	1.0	1.0	Empate	24	293	FIG	CAP
1984	2016	316	201338	1.0	0.0	Casa	23	293	FIG	CAP
1988	2014	290	180157	3.0	1.0	Casa	18	293	GOI	CAP
1990	2015	290	190071	2.0	0.0	Casa	2	293	GOI	CAP
1992	2015	267	190297	2.0	0.0	Casa	25	293	VAS	CAP
1994	2017	267	211570	0.0	1.0		17	293	VAS	CAP
1996	2015	314	190199	1.0	2.0	Visitante	15	293	AVA	CAP
1998	2017	314	211218	1.0	0.0		37	293	AVA	CAP
2000	2015	303	190135	2.0	1.0	Casa	9	293	PON	CAP
2004	2016	303	201348	3.0	2.0	Casa	8	293	PON	CAP
2008	2017	303	211237	2.0	1.0		35	293	PON	CAP
2012	2015	317	190092	1.0	2.0	Visitante	4	293	JEC	CAP
2014	2016	327	201527	1.0	0.0	Casa	32	293	AME	CAP
2016	2016	344	201383	1.0	0.0	Casa	25	293	SCZ	CAP
2018	2017	373	211397	0.0	1.0		8	293	ACG	CAP
2020	2014	262	180053	1.0	0.0	Casa	12	263	FLA	BOT
2024	2016	262	201557	0.0	0.0	Empate	34	263	FLA	BOT
2028	2017	262	211310	0.0	0.0		4	263	FLA	BOT
2032	2014	266	180187	1.0	0.0	Casa	34	263	FLU	BOT
2036	2016	266	201257	1.0	0.0	Casa	4	263	FLU	BOT
2040	2017	266	211489	0.0	1.0		13	263	FLU	BOT
2044	2014	276	179874	3.0	0.0	Casa	1	263	SAO	BOT
2048	2016	276	201278	0.0	1.0	Visitante	20	263	SAO	BOT
2052	2017	276	211222	0.0	0.0		36	263	SAO	BOT
2056	2014	277	180177	2.0	0.0	Casa	37	263	SAN	BOT
2060	2016	277	201300	3.0	0.0	Casa	6	263	SAN	BOT
2064	2017	277	211331	1.0	0.0		5	263	SAN	BOT
2068	2014	293	180088	2.0	0.0	Casa	14	263	CAP	BOT
2072	2016	293	201314	1.0	0.0	Casa	22	263	CAP	BOT
2076	2017	293	211544	0.0	0.0		15	263	CAP	BOT
2080	2014	282	180171	1.0	0.0	Casa	19	263	CAM	BOT
2084	2016	282	201410	5.0	3.0	Casa	12	263	CAM	BOT
2088	2017	282	211303	0.0	0.0		31	263	CAM	BOT
2092	2014	265	179903	1.0	0.0	Casa	3	263	BAH	BOT
2094	2017	265	211486	1.0	2.0		22	263	BAH	BOT
2096	2014	285	179932	2.0	0.0	Casa	21	263	INT	BOT
2100	2016	285	201394	2.0	3.0	Visitante	11	263	INT	BOT
2104	2014	288	179972	1.0	1.0	Empate	23	263	CRI	BOT
2106	2014	315	180244	2.0	0.0	Casa	36	263	CHA	BOT
2110	2016	315	201499	2.0	1.0	Casa	16	263	CHA	BOT
2114	2017	315	211398	0.0	2.0		8	263	CHA	BOT
2120	2014	292	180033	1.0	0.0	Casa	10	263	SPT	BOT
2124	2016	292	201245	1.0	1.0	Empate	2	263	SPT	BOT
2128	2017	292	211265	1.0	2.0		33	263	SPT	BOT
2130	2014	264	180097	1.0	1.0	Empate	9	263	COR	BOT
2134	2016	264	201357	3.0	1.0	Casa	9	263	COR	BOT
2138	2017	264	211442	1.0	0.0		11	263	COR	BOT
2142	2014	275	180000	0.0	2.0	Visitante	8	263	PAL	BOT
2146	2016	275	201581	1.0	0.0	Casa	36	263	PAL	BOT
2150	2017	275	211211	2.0	0.0		37	263	PAL	BOT
2154	2014	294	180232	2.0	0.0	Casa	30	263	CFC	BOT
2158	2016	294	201459	0.0	0.0	Empate	14	263	CFC	BOT
2162	2017	294	211434	2.0	3.0		25	263	CFC	BOT
2166	2014	283	180205	2.0	1.0	Casa	32	263	CRU	BOT
2170	2016	283	201349	0.0	2.0	Visitante	24	263	CRU	BOT
2174	2017	283	211533	0.0	0.0		19	263	CRU	BOT
2178	2014	287	180027	2.0	1.0	Casa	26	263	VIT	BOT
2182	2016	287	201386	0.0	1.0	Visitante	26	263	VIT	BOT
2186	2017	287	211386	2.0	2.0		7	263	VIT	BOT
2190	2014	284	179959	2.0	1.0	Casa	6	263	GRE	BOT
2194	2016	284	201603	0.0	1.0	Visitante	38	263	GRE	BOT
2198	2017	284	211245	2.0	0.0		1	263	GRE	BOT
2202	2014	316	180122	1.0	0.0	Casa	16	263	FIG	BOT
2206	2016	316	201462	0.0	1.0	Visitante	29	263	FIG	BOT
2210	2014	290	179944	2.0	0.0	Casa	5	263	GOI	BOT
2212	2017	267	211360	1.0	0.0		28	263	VAS	BOT
2214	2017	314	211348	1.0	1.0		29	263	AVA	BOT
2216	2016	303	201537	2.0	0.0	Casa	18	263	PON	BOT
2220	2017	303	211507	2.0	1.0		21	263	PON	BOT
2224	2016	327	201424	1.0	0.0	Casa	27	263	AME	BOT
2226	2016	344	201529	0.0	1.0	Visitante	32	263	SCZ	BOT
2228	2017	373	211567	1.0	1.0		16	263	ACG	BOT
2231	2014	262	180082	1.0	0.0	Casa	14	292	FLA	SPT
2235	2015	262	190066	2.0	2.0	Empate	2	292	FLA	SPT
2239	2016	262	201226	1.0	0.0	Casa	1	292	FLA	SPT
2243	2017	262	211450	2.0	0.0		24	292	FLA	SPT
2247	2014	266	180126	4.0	0.0	Casa	17	292	FLU	SPT
2251	2015	266	190105	0.0	0.0	Empate	6	292	FLU	SPT
2255	2016	266	201427	3.0	1.0	Casa	28	292	FLU	SPT
2259	2017	266	211209	1.0	2.0		37	292	FLU	SPT
2263	2014	276	180167	2.0	0.0	Casa	19	292	SAO	SPT
2267	2015	276	190374	3.0	0.0	Casa	33	292	SAO	SPT
2271	2016	276	201373	0.0	0.0	Empate	10	292	SAO	SPT
2275	2017	276	211412	1.0	0.0		26	292	SAO	SPT
2279	2014	277	179875	1.0	1.0	Empate	1	292	SAN	SPT
2283	2015	277	190084	2.0	2.0	Empate	4	292	SAN	SPT
2287	2016	277	201336	2.0	0.0	Casa	8	292	SAN	SPT
2291	2017	277	211421	0.0	1.0		10	292	SAN	SPT
2295	2014	293	180195	0.0	1.0	Visitante	34	292	CAP	SPT
2299	2015	293	190219	1.0	1.0	Empate	17	292	CAP	SPT
2303	2016	293	201584	2.0	0.0	Casa	36	292	CAP	SPT
2307	2017	293	211324	2.0	1.0		30	292	CAP	SPT
2311	2014	282	180156	3.0	2.0	Casa	31	292	CAM	SPT
2315	2015	282	190169	2.0	1.0	Casa	12	292	CAM	SPT
2319	2016	282	201372	1.0	0.0	Casa	25	292	CAM	SPT
2323	2017	282	211403	2.0	2.0		9	292	CAM	SPT
2327	2014	265	179984	1.0	0.0	Casa	24	292	BAH	SPT
2329	2017	265	211576	1.0	3.0		17	292	BAH	SPT
2331	2014	285	179904	2.0	1.0	Casa	3	292	INT	SPT
2335	2015	285	190338	2.0	1.0	Casa	29	292	INT	SPT
2339	2016	285	201251	1.0	0.0	Casa	3	292	INT	SPT
2343	2014	288	180191	2.0	2.0	Empate	37	292	CRI	SPT
2345	2014	315	179935	3.0	1.0	Casa	21	292	CHA	SPT
2349	2015	315	190143	1.0	1.0	Empate	9	292	CHA	SPT
2353	2016	315	201484	3.0	0.0	Casa	30	292	CHA	SPT
2357	2017	315	211288	1.0	1.0		32	292	CHA	SPT
2361	2014	263	180245	1.0	1.0	Empate	29	292	BOT	SPT
2365	2016	263	201286	3.0	0.0	Casa	21	292	BOT	SPT
2369	2017	263	211509	2.0	1.0		14	292	BOT	SPT
2373	2014	264	180018	3.0	0.0	Casa	26	292	COR	SPT
2377	2015	264	190223	4.0	3.0	Casa	18	292	COR	SPT
2381	2016	264	201327	3.0	0.0	Casa	23	292	COR	SPT
2385	2017	264	211532	3.0	1.0		19	292	COR	SPT
2389	2014	275	180197	0.0	2.0	Visitante	35	292	PAL	SPT
2393	2015	275	190365	0.0	2.0	Visitante	32	292	PAL	SPT
2397	2016	275	201516	2.0	1.0	Casa	32	292	PAL	SPT
2401	2017	275	211231	5.0	1.0		35	292	PAL	SPT
2405	2014	294	179917	0.0	1.0	Visitante	4	292	CFC	SPT
2409	2015	294	190271	0.0	0.0	Empate	22	292	CFC	SPT
2413	2016	294	201322	3.0	2.0	Casa	7	292	CFC	SPT
2417	2017	294	211474	0.0	3.0		12	292	CFC	SPT
2421	2014	283	179956	2.0	0.0	Casa	6	292	CRU	SPT
2425	2015	283	190399	3.0	0.0	Casa	35	292	CRU	SPT
2429	2016	283	201495	1.0	2.0	Visitante	16	292	CRU	SPT
2433	2017	283	211503	2.0	0.0		21	292	CRU	SPT
2437	2014	287	180025	0.0	1.0	Visitante	9	292	VIT	SPT
2441	2016	287	201404	3.0	2.0	Casa	12	292	VIT	SPT
2445	2017	287	211376	1.0	2.0		27	292	VIT	SPT
2449	2014	284	180081	2.0	0.0	Casa	27	292	GRE	SPT
2453	2015	284	190197	1.0	1.0	Empate	15	292	GRE	SPT
2457	2016	284	201561	0.0	3.0	Visitante	34	292	GRE	SPT
2461	2017	284	211485	5.0	0.0		22	292	GRE	SPT
2465	2014	316	180077	3.0	0.0	Casa	13	292	FIG	SPT
2469	2015	316	190250	2.0	1.0	Casa	20	292	FIG	SPT
2473	2016	316	201552	1.0	1.0	Empate	19	292	FIG	SPT
2477	2014	290	180052	0.0	0.0	Empate	11	292	GOI	SPT
2479	2015	290	190292	1.0	0.0	Casa	24	292	GOI	SPT
2481	2015	267	190317	2.0	1.0	Casa	27	292	VAS	SPT
2483	2017	267	211350	2.0	1.0		6	292	VAS	SPT
2485	2015	314	190160	2.0	2.0	Empate	11	292	AVA	SPT
2487	2017	314	211318	1.0	0.0		4	292	AVA	SPT
2489	2015	303	190426	0.0	1.0	Visitante	38	292	PON	SPT
2493	2016	303	201461	2.0	1.0	Casa	14	292	PON	SPT
2497	2017	303	211247	4.0	0.0		1	292	PON	SPT
2501	2015	317	190313	1.0	1.0	Empate	26	292	JEC	SPT
2503	2016	327	201596	2.0	2.0	Empate	37	292	AME	SPT
2505	2016	344	201276	0.0	1.0	Visitante	5	292	SCZ	SPT
2507	2017	373	211257	2.0	0.0		34	292	ACG	SPT
2508	2014	262	180094	3.0	0.0	Casa	28	283	FLA	CRU
2512	2015	262	190287	2.0	0.0	Casa	24	283	FLA	CRU
2516	2016	262	201412	2.0	1.0	Casa	27	283	FLA	CRU
2520	2017	262	211260	2.0	0.0		33	283	FLA	CRU
2524	2014	266	180164	3.0	3.0	Empate	19	283	FLU	CRU
2528	2015	266	190166	1.0	0.0	Casa	12	283	FLU	CRU
2532	2016	266	201466	2.0	0.0	Casa	15	283	FLU	CRU
2536	2017	266	211539	1.0	1.0		15	283	FLU	CRU
2540	2014	276	179921	2.0	0.0	Casa	21	283	SAO	CRU
2544	2015	276	190193	1.0	0.0	Casa	15	283	SAO	CRU
2548	2016	276	201365	1.0	0.0	Casa	25	283	SAO	CRU
2552	2017	276	211522	3.0	2.0		20	283	SAO	CRU
2556	2014	277	180192	0.0	1.0	Visitante	34	283	SAN	CRU
2560	2015	277	190064	1.0	0.0	Casa	2	283	SAN	CRU
2564	2016	277	201509	2.0	0.0	Casa	17	283	SAN	CRU
2568	2017	277	211291	0.0	1.0		3	283	SAN	CRU
2572	2014	293	179898	2.0	3.0	Visitante	3	283	CAP	CRU
2576	2015	293	190351	2.0	2.0	Empate	30	283	CAP	CRU
2580	2016	293	201547	1.0	0.0	Casa	33	283	CAP	CRU
2584	2017	293	211494	0.0	2.0		13	283	CAP	CRU
2588	2014	282	179918	2.0	1.0	Casa	4	283	CAM	CRU
2592	2015	282	190108	1.0	3.0	Visitante	6	283	CAM	CRU
2596	2016	282	201319	2.0	3.0	Visitante	7	283	CAM	CRU
2600	2017	282	211443	3.0	1.0		11	283	CAM	CRU
2604	2014	265	179878	1.0	2.0	Visitante	1	283	BAH	CRU
2606	2017	265	211336	1.0	0.0		5	283	BAH	CRU
2608	2014	285	179986	1.0	3.0	Visitante	7	283	INT	CRU
2612	2015	285	190428	2.0	0.0	Casa	38	283	INT	CRU
2616	2016	285	201593	1.0	0.0	Casa	37	283	INT	CRU
2620	2014	288	180092	0.0	0.0	Empate	14	283	CRI	CRU
2622	2014	315	180194	1.0	1.0	Empate	37	283	CHA	CRU
2626	2015	315	190323	0.0	2.0	Visitante	27	283	CHA	CRU
2630	2016	315	201416	3.0	2.0	Casa	12	283	CHA	CRU
2634	2017	315	211468	1.0	2.0		23	283	CHA	CRU
2638	2014	263	180064	1.0	1.0	Empate	13	283	BOT	CRU
2642	2016	263	201266	0.0	1.0	Visitante	5	283	BOT	CRU
2646	2017	263	211199	2.0	2.0		38	283	BOT	CRU
2652	2014	292	179993	0.0	0.0	Empate	25	283	SPT	CRU
2656	2015	292	190211	0.0	0.0	Empate	16	283	SPT	CRU
2660	2016	292	201576	0.0	1.0	Visitante	35	283	SPT	CRU
2664	2017	292	211275	1.0	1.0		2	283	SPT	CRU
2666	2014	264	179999	1.0	0.0	Casa	8	283	COR	CRU
2670	2015	264	190244	3.0	0.0	Casa	20	283	COR	CRU
2674	2016	264	201542	1.0	1.0	Empate	19	283	COR	CRU
2678	2017	264	211382	1.0	0.0		7	283	COR	CRU
2682	2014	275	180045	1.0	2.0	Visitante	11	283	PAL	CRU
2686	2015	275	190405	1.0	1.0	Empate	36	283	PAL	CRU
2690	2016	275	201476	0.0	0.0	Empate	30	283	PAL	CRU
2694	2017	275	211301	2.0	2.0		31	283	PAL	CRU
2698	2014	294	179980	1.0	2.0	Visitante	24	283	CFC	CRU
2702	2015	294	190141	1.0	0.0	Casa	9	283	CFC	CRU
2706	2016	294	201231	1.0	0.0	Casa	1	283	CFC	CRU
2710	2017	294	211344	1.0	0.0		29	283	CFC	CRU
2714	2014	287	180251	0.0	1.0	Visitante	29	283	VIT	CRU
2718	2016	287	201510	0.0	1.0	Visitante	32	283	VIT	CRU
2722	2017	287	211226	1.0	1.0		36	283	VIT	CRU
2726	2014	284	180216	1.0	2.0	Visitante	35	283	GRE	CRU
2730	2015	284	190148	1.0	0.0	Casa	10	283	GRE	CRU
2734	2016	284	201362	2.0	0.0	Casa	9	283	GRE	CRU
2738	2017	284	211375	0.0	1.0		27	283	GRE	CRU
2742	2014	316	180165	1.0	1.0	Empate	31	283	FIG	CRU
2746	2015	316	190089	2.0	1.0	Casa	4	283	FIG	CRU
2750	2016	316	201293	1.0	2.0	Visitante	21	283	FIG	CRU
2754	2014	290	180134	0.0	1.0	Visitante	17	283	GOI	CRU
2756	2015	290	190372	0.0	1.0	Visitante	32	283	GOI	CRU
2758	2015	267	190116	1.0	3.0	Visitante	7	283	VAS	CRU
2760	2017	267	211550	0.0	3.0		18	283	VAS	CRU
2762	2015	314	190380	1.0	1.0	Empate	33	283	AVA	CRU
2764	2017	314	211568	1.0	0.0		16	283	AVA	CRU
2766	2015	303	190266	1.0	2.0	Visitante	22	283	PON	CRU
2770	2016	303	201384	0.0	4.0	Visitante	10	283	PON	CRU
2774	2017	303	211407	1.0	0.0		9	283	PON	CRU
2778	2015	317	190232	3.0	0.0	Casa	18	283	JEC	CRU
2780	2016	327	201340	0.0	2.0	Visitante	23	283	AME	CRU
2782	2016	344	201255	4.0	1.0	Casa	3	283	SCZ	CRU
2784	2017	373	211437	1.0	2.0		25	283	ACG	CRU
2786	2014	262	180114	2.0	1.0	Casa	16	282	FLA	CAM
2790	2015	262	190126	0.0	2.0	Visitante	8	282	FLA	CAM
2794	2016	262	201453	2.0	0.0	Casa	14	282	FLA	CAM
2798	2017	262	211240	1.0	1.0		1	282	FLA	CAM
2802	2014	266	180068	0.0	0.0	Empate	27	282	FLU	CAM
2806	2015	266	190256	1.0	2.0	Visitante	21	282	FLU	CAM
2810	2016	266	201343	4.0	2.0	Casa	24	282	FLU	CAM
2814	2017	266	211499	2.0	1.0		21	282	FLU	CAM
2818	2014	276	180017	2.0	1.0	Casa	9	282	SAO	CAM
2822	2015	276	190394	4.0	2.0	Casa	35	282	SAO	CAM
2826	2016	276	201528	1.0	2.0	Visitante	18	282	SAO	CAM
2830	2017	276	211392	1.0	2.0		8	282	SAO	CAM
2834	2014	277	179934	1.0	2.0	Visitante	5	282	SAN	CAM
2838	2015	277	190305	4.0	0.0	Casa	26	282	SAN	CAM
2842	2016	277	201279	3.0	0.0	Casa	20	282	SAN	CAM
2846	2017	277	211281	3.0	1.0		32	282	SAN	CAM
2850	2014	293	180201	1.0	0.0	Casa	32	282	CAP	CAM
2854	2015	293	190080	1.0	0.0	Casa	3	282	CAP	CAM
2858	2016	293	201242	1.0	1.0	Empate	2	282	CAP	CAM
2862	2017	293	211414	0.0	2.0		26	282	CAP	CAM
2866	2014	265	180235	1.0	1.0	Empate	30	282	BAH	CAM
2868	2017	265	211256	2.0	2.0		34	282	BAH	CAM
2870	2014	285	180242	2.0	1.0	Casa	36	282	INT	CAM
2874	2015	285	190158	1.0	3.0	Visitante	11	282	INT	CAM
2878	2016	285	201341	2.0	0.0	Casa	8	282	INT	CAM
2882	2014	288	180032	3.0	1.0	Casa	26	282	CRI	CAM
2884	2014	315	180046	1.0	1.0	Empate	10	282	CHA	CAM
2888	2015	315	190242	2.0	1.0	Casa	19	282	CHA	CAM
2892	2016	315	201605				38	282	CHA	CAM
2896	2017	315	211428	0.0	1.0		10	282	CHA	CAM
2900	2014	263	180141	0.0	0.0	Empate	38	282	BOT	CAM
2904	2016	263	201487	3.0	2.0	Casa	31	282	BOT	CAM
2908	2017	263	211469	1.0	1.0		12	282	BOT	CAM
2914	2014	292	180054	2.0	1.0	Casa	12	282	SPT	CAM
2918	2015	292	190362	4.0	1.0	Casa	31	282	SPT	CAM
2922	2016	292	201309	4.0	4.0	Empate	6	282	SPT	CAM
2926	2017	292	211365	1.0	1.0		28	282	SPT	CAM
2928	2014	264	179899	1.0	0.0	Casa	20	282	COR	CAM
2932	2015	264	190184	1.0	0.0	Casa	14	282	COR	CAM
2936	2016	264	201446	0.0	0.0	Empate	29	282	COR	CAM
2940	2017	264	211212	2.0	2.0		37	282	COR	CAM
2944	2014	275	180213	0.0	2.0	Visitante	33	282	PAL	CAM
2948	2015	275	190054	2.0	2.0	Empate	1	282	PAL	CAM
2952	2016	275	201580	0.0	1.0	Visitante	16	282	PAL	CAM
2956	2017	275	211311	0.0	0.0		4	282	PAL	CAM
2960	2014	294	180142	0.0	0.0	Empate	18	282	CFC	CAM
2964	2015	294	190341	0.0	3.0	Visitante	29	282	CFC	CAM
2968	2016	294	201562	2.0	0.0	Casa	34	282	CFC	CAM
2972	2017	294	211574	0.0	2.0		17	282	CFC	CAM
2976	2014	283	179968	2.0	3.0	Visitante	23	282	CRU	CAM
2980	2015	283	190299	1.0	1.0	Empate	25	282	CRU	CAM
2984	2016	283	201397	1.0	1.0	Empate	26	282	CRU	CAM
2988	2017	283	211323	1.0	3.0		30	282	CRU	CAM
2992	2014	287	179958	2.0	3.0	Visitante	6	282	VIT	CAM
2996	2016	287	201256	1.0	1.0	Empate	4	282	VIT	CAM
3000	2017	287	211356	2.0	0.0		6	282	VIT	CAM
3004	2014	284	179889	2.0	1.0	Casa	2	282	GRE	CAM
3008	2015	284	190418	2.0	1.0	Casa	37	282	GRE	CAM
3012	2016	284	201312	1.0	1.0	Empate	22	282	GRE	CAM
3016	2017	284	211535	2.0	0.0		19	282	GRE	CAM
3020	2014	316	180108	2.0	2.0	Empate	15	282	FIG	CAM
3024	2015	316	190391	0.0	1.0	Visitante	34	282	FIG	CAM
3028	2016	316	201445	1.0	1.0	Empate	13	282	FIG	CAM
3032	2014	290	179957	2.0	3.0	Visitante	22	282	GOI	CAM
3034	2015	290	190221	0.0	0.0	Empate	17	282	GOI	CAM
3036	2015	267	190277	1.0	2.0	Visitante	23	282	VAS	CAM
3038	2017	267	211230	1.0	1.0		35	282	VAS	CAM
3040	2015	314	190099	1.0	4.0	Visitante	5	282	AVA	CAM
3042	2017	314	211458	1.0	1.0		24	282	AVA	CAM
3044	2015	303	190176	0.0	2.0	Visitante	13	282	PON	CAM
3048	2016	303	201440	1.0	2.0	Visitante	28	282	PON	CAM
3052	2017	303	211487	1.0	2.0		22	282	PON	CAM
3056	2015	317	190333	2.0	2.0	Empate	28	282	JEC	CAM
3058	2016	327	201402	0.0	1.0	Visitante	11	282	AME	CAM
3060	2016	344	201587	3.0	3.0	Empate	36	282	SCZ	CAM
3062	2017	373	211517	1.0	2.0		14	282	ACG	CAM
3064	2014	262	180161	0.0	1.0	Visitante	19	284	FLA	GRE
3068	2015	262	190187	1.0	0.0	Casa	14	284	FLA	GRE
3072	2016	262	201287	2.0	1.0	Casa	21	284	FLA	GRE
3076	2017	262	211490	0.0	1.0		13	284	FLA	GRE
3080	2014	266	179975	0.0	0.0	Empate	24	284	FLU	GRE
3084	2015	266	190205	1.0	0.0	Casa	16	284	FLU	GRE
3088	2016	266	201313	1.0	1.0	Empate	7	284	FLU	GRE
3092	2017	266	211379	0.0	2.0		7	284	FLU	GRE
3096	2014	276	179976	1.0	0.0	Casa	7	284	SAO	GRE
3100	2015	276	190103	2.0	0.0	Casa	6	284	SAO	GRE
3104	2016	276	201569	1.0	1.0	Empate	35	284	SAO	GRE
3108	2017	276	211562	1.0	1.0		16	284	SAO	GRE
3112	2014	277	179897	0.0	0.0	Empate	3	284	SAN	GRE
3116	2015	277	190155	1.0	3.0	Visitante	11	284	SAN	GRE
3120	2016	277	201492	1.0	1.0	Empate	31	284	SAN	GRE
3124	2017	277	211221	1.0	0.0		36	284	SAN	GRE
3128	2014	293	179876	1.0	0.0	Casa	1	284	CAP	GRE
3132	2015	293	190311	1.0	2.0	Visitante	26	284	CAP	GRE
3136	2016	293	201396	2.0	0.0	Casa	11	284	CAP	GRE
3140	2017	293	211274	0.0	2.0		2	284	CAP	GRE
3144	2014	282	179929	0.0	0.0	Empate	21	284	CAM	GRE
3148	2015	282	190228	0.0	2.0	Visitante	18	284	CAM	GRE
3152	2016	282	201250	0.0	3.0	Visitante	3	284	CAM	GRE
3156	2017	282	211203	4.0	3.0		38	284	CAM	GRE
3160	2014	265	180182	1.0	0.0	Casa	37	284	BAH	GRE
3162	2017	265	211436	1.0	0.0		25	284	BAH	GRE
3164	2014	285	180091	2.0	0.0	Casa	14	284	INT	GRE
3168	2015	285	190408	1.0	0.0	Casa	36	284	INT	GRE
3172	2016	285	201437	0.0	1.0	Visitante	13	284	INT	GRE
3176	2014	288	180203	0.0	3.0	Visitante	34	284	CRI	GRE
3178	2014	315	179925	1.0	2.0	Visitante	4	284	CHA	GRE
3182	2015	315	190173	1.0	0.0	Casa	12	284	CHA	GRE
3186	2016	315	201345	3.0	3.0	Empate	8	284	CHA	GRE
3190	2017	315	211338	3.0	6.0		5	284	CHA	GRE
3194	2014	263	179992	0.0	2.0	Visitante	25	284	BOT	GRE
3198	2016	263	201523	2.0	1.0	Casa	19	284	BOT	GRE
3202	2017	263	211519	1.0	0.0		20	284	BOT	GRE
3208	2014	292	179997	0.0	0.0	Empate	8	284	SPT	GRE
3212	2015	292	190392	1.0	0.0	Casa	34	284	SPT	GRE
3216	2016	292	201480	4.0	2.0	Casa	15	284	SPT	GRE
3220	2017	292	211295	4.0	3.0		3	284	SPT	GRE
3222	2014	264	180231	1.0	0.0	Casa	36	284	COR	GRE
3226	2015	264	190284	1.0	1.0	Empate	24	284	COR	GRE
3230	2016	264	201228	0.0	0.0	Empate	1	284	COR	GRE
3234	2017	264	211342	0.0	0.0		29	284	COR	GRE
3238	2014	275	180101	2.0	1.0	Casa	28	284	PAL	GRE
3242	2015	275	190315	3.0	2.0	Casa	27	284	PAL	GRE
3246	2016	275	201269	4.0	3.0	Casa	5	284	PAL	GRE
3250	2017	275	211441	1.0	0.0		11	284	PAL	GRE
3254	2014	294	180150	1.0	1.0	Empate	31	284	CFC	GRE
3258	2015	294	190070	2.0	0.0	Casa	2	284	CFC	GRE
3262	2016	294	201333	4.0	0.0	Casa	23	284	CFC	GRE
3266	2017	294	211364	0.0	1.0		28	284	CFC	GRE
3270	2014	283	180119	1.0	0.0	Casa	16	284	CRU	GRE
3274	2015	283	190339	0.0	0.0	Empate	29	284	CRU	GRE
3278	2016	283	201433	1.0	0.0	Casa	28	284	CRU	GRE
3282	2017	283	211393	3.0	3.0		8	284	CRU	GRE
3286	2014	287	180074	2.0	1.0	Casa	13	284	VIT	GRE
3290	2016	287	201442	0.0	1.0	Visitante	29	284	VIT	GRE
3294	2017	287	211546	1.0	3.0		15	284	VIT	GRE
3298	2014	316	180051	0.0	1.0	Visitante	11	284	FIG	GRE
3302	2015	316	190270	0.0	2.0	Visitante	22	284	FIG	GRE
3306	2016	316	201549	0.0	0.0	Empate	33	284	FIG	GRE
3310	2014	290	180254	0.0	0.0	Empate	29	284	GOI	GRE
3312	2015	290	190091	1.0	1.0	Empate	4	284	GOI	GRE
3314	2015	267	190367	0.0	0.0	Empate	32	284	VAS	GRE
3316	2017	267	211460	1.0	0.0		23	284	VAS	GRE
3318	2015	314	190140	1.0	2.0	Visitante	9	284	AVA	GRE
3320	2017	314	211308	2.0	2.0		31	284	AVA	GRE
3322	2015	303	190245	0.0	0.0	Empate	20	284	PON	GRE
3326	2016	303	201381	3.0	0.0	Casa	25	284	PON	GRE
3330	2017	303	211267	0.0	1.0		33	284	PON	GRE
3334	2015	317	191150	0.0	2.0	Visitante	38	284	JEC	GRE
3336	2016	327	201518	0.0	0.0	Empate	17	284	AME	GRE
3338	2016	344	201597	5.0	1.0	Casa	37	284	SCZ	GRE
3340	2017	373	211557	0.0	1.0		18	284	ACG	GRE
3342	2014	262	180166	4.0	0.0	Casa	37	287	FLA	VIT
3346	2016	262	201267	1.0	0.0	Casa	5	287	FLA	VIT
3350	2017	262	211530	0.0	2.0		19	287	FLA	VIT
3354	2014	266	179894	1.0	2.0	Visitante	3	287	FLU	VIT
3358	2016	266	201535	2.0	2.0	Empate	33	287	FLU	VIT
3362	2017	266	211309	2.0	1.0		4	287	FLU	VIT
3366	2014	276	180085	3.0	1.0	Casa	14	287	SAO	VIT
3370	2016	276	201335	2.0	0.0	Casa	8	287	SAO	VIT
3374	2017	276	211332	2.0	0.0		5	287	SAO	VIT
3378	2014	277	180168	3.0	1.0	Casa	19	287	SAN	VIT
3382	2016	277	201570	3.0	2.0	Casa	35	287	SAN	VIT
3386	2017	277	211361	2.0	2.0		28	287	SAN	VIT
3390	2014	293	179926	2.0	0.0	Casa	21	287	CAP	VIT
3394	2016	293	201475	1.0	1.0	Empate	15	287	CAP	VIT
3398	2017	293	211424	4.0	1.0		10	287	CAP	VIT
3402	2014	282	180003	2.0	0.0	Casa	25	287	CAM	VIT
3406	2016	282	201330	2.0	1.0	Casa	23	287	CAM	VIT
3410	2017	282	211433	1.0	3.0		25	287	CAM	VIT
3414	2014	265	179920	1.0	1.0	Empate	4	287	BAH	VIT
3416	2017	265	211326	2.0	1.0		30	287	BAH	VIT
3418	2014	285	179879	1.0	0.0	Casa	1	287	INT	VIT
3422	2016	285	201374	0.0	1.0	Visitante	25	287	INT	VIT
3426	2014	288	180062	1.0	3.0	Visitante	12	287	CRI	VIT
3428	2014	315	180204	0.0	1.0	Visitante	34	287	CHA	VIT
3432	2016	315	201439	1.0	4.0	Visitante	28	287	CHA	VIT
3436	2017	315	211238	2.0	1.0		35	287	CHA	VIT
3440	2014	263	179965	1.0	1.0	Empate	7	287	BOT	VIT
3444	2016	263	201311	1.0	1.0	Empate	7	287	BOT	VIT
3448	2017	263	211409	2.0	3.0		26	287	BOT	VIT
3454	2014	292	180095	1.0	2.0	Visitante	28	287	SPT	VIT
3458	2016	292	201508	1.0	0.0	Casa	31	287	SPT	VIT
3462	2017	292	211395	1.0	3.0		8	287	SPT	VIT
3464	2014	264	180229	2.0	1.0	Casa	30	287	COR	VIT
3468	2016	264	201288	2.0	1.0	Casa	21	287	COR	VIT
3472	2017	264	211502	0.0	1.0		21	287	COR	VIT
3476	2014	275	179978	2.0	0.0	Casa	24	287	PAL	VIT
3480	2016	275	201545	2.0	1.0	Casa	19	287	PAL	VIT
3484	2017	275	211511	4.0	2.0		14	287	PAL	VIT
3488	2014	294	180118	2.0	0.0	Casa	16	287	CFC	VIT
3492	2016	294	201594	0.0	1.0	Visitante	37	287	CFC	VIT
3496	2017	294	211484	0.0	1.0		22	287	CFC	VIT
3500	2014	283	180038	3.0	1.0	Casa	10	287	CRU	VIT
3504	2016	283	201435	2.0	2.0	Empate	13	287	CRU	VIT
3508	2017	283	211573	0.0	0.0		17	287	CRU	VIT
3512	2014	284	180210	1.0	0.0	Casa	32	287	GRE	VIT
3516	2016	284	201379	1.0	2.0	Visitante	10	287	GRE	VIT
3520	2017	284	211255	1.0	1.0		34	287	GRE	VIT
3524	2014	316	180243	2.0	0.0	Casa	36	287	FIG	VIT
3528	2016	316	201517	1.0	0.0	Casa	17	287	FIG	VIT
3532	2014	290	180012	0.0	0.0	Empate	8	287	GOI	VIT
3534	2017	267	211280	1.0	1.0		32	287	VAS	VIT
3536	2017	314	211248	0.0	0.0		1	287	AVA	VIT
3538	2016	303	201485	2.0	0.0	Casa	30	287	PON	VIT
3542	2017	303	211217	2.0	3.0		37	287	PON	VIT
3546	2016	327	201254	1.0	1.0	Empate	3	287	AME	VIT
3548	2016	344	201235	4.0	1.0	Casa	1	287	SCZ	VIT
3550	2017	373	211477	1.0	2.0		12	287	ACG	VIT
3552	2014	262	180180	3.0	0.0	Casa	32	315	FLA	CHA
3556	2015	262	190106	1.0	0.0	Casa	6	315	FLA	CHA
3560	2016	262	201247	2.0	2.0	Empate	3	315	FLA	CHA
3564	2017	262	211400	5.0	1.0		9	315	FLA	CHA
3568	2014	266	180188	1.0	4.0	Visitante	35	315	FLU	CHA
3572	2015	266	190386	2.0	3.0	Visitante	34	315	FLU	CHA
3576	2016	266	201363	1.0	2.0	Visitante	25	315	FLU	CHA
3580	2017	266	211439	3.0	3.0		11	315	FLU	CHA
3584	2014	276	180043	0.0	1.0	Visitante	11	315	SAO	CHA
3588	2015	276	190304	0.0	0.0	Empate	26	315	SAO	CHA
3592	2016	276	201507	2.0	2.0	Empate	17	315	SAO	CHA
3596	2017	276	211262	2.0	2.0		33	315	SAO	CHA
3600	2014	277	180056	3.0	0.0	Casa	12	315	SAN	CHA
3604	2015	277	190265	3.0	1.0	Casa	22	315	SAN	CHA
3608	2016	277	201434	3.0	0.0	Casa	13	315	SAN	CHA
3612	2017	277	211541	1.0	0.0		15	315	SAN	CHA
3616	2014	293	179936	1.0	1.0	Empate	5	315	CAP	CHA
3620	2015	293	190436	1.0	0.0	Casa	14	315	CAP	CHA
3624	2016	293	201465	3.0	1.0	Casa	29	315	CAP	CHA
3628	2017	293	211304	0.0	0.0		31	315	CAP	CHA
3632	2014	282	180250	1.0	0.0	Casa	29	315	CAM	CHA
3636	2015	282	190429	3.0	0.0	Casa	38	315	CAM	CHA
3640	2016	282	201546	3.0	1.0	Casa	19	315	CAM	CHA
3644	2017	282	211343	2.0	3.0		29	315	CAM	CHA
3648	2014	265	180109	0.0	1.0	Visitante	28	315	BAH	CHA
3650	2017	265	211216	0.0	1.0		37	315	BAH	CHA
3652	2014	285	180008	2.0	0.0	Casa	8	315	INT	CHA
3656	2015	285	190207	0.0	0.0	Empate	16	315	INT	CHA
3660	2016	285	201230	0.0	0.0	Empate	1	315	INT	CHA
3664	2014	288	179961	1.0	0.0	Casa	6	315	CRI	CHA
3666	2014	263	180125	1.0	0.0	Casa	17	315	BOT	CHA
3670	2016	263	201567	0.0	2.0	Visitante	35	315	BOT	CHA
3674	2017	263	211369	2.0	1.0		27	315	BOT	CHA
3680	2014	292	179883	2.0	1.0	Casa	2	315	SPT	CHA
3684	2015	292	190332	3.0	0.0	Casa	28	315	SPT	CHA
3688	2016	292	201400	5.0	1.0	Casa	11	315	SPT	CHA
3692	2017	292	211495	3.0	0.0		13	315	SPT	CHA
3694	2014	264	179941	1.0	1.0	Empate	22	315	COR	CHA
3698	2015	264	190063	1.0	0.0	Casa	2	315	COR	CHA
3702	2016	264	201538	1.0	1.0	Empate	33	315	COR	CHA
3706	2017	264	211242	1.0	1.0		1	315	COR	CHA
3710	2014	275	180019	4.0	2.0	Casa	26	315	PAL	CHA
3714	2015	275	190145	2.0	0.0	Casa	10	315	PAL	CHA
3718	2016	275	201591	1.0	0.0	Casa	37	315	PAL	CHA
3722	2017	275	211501	0.0	2.0		21	315	PAL	CHA
3726	2014	294	179902	3.0	0.0	Casa	20	315	CFC	CHA
3730	2015	294	190251	1.0	0.0	Casa	20	315	CFC	CHA
3734	2016	294	201272	3.0	4.0	Visitante	5	315	CFC	CHA
3738	2017	294	211534	2.0	0.0		19	315	CFC	CHA
3742	2014	283	180143	4.0	2.0	Casa	18	315	CRU	CHA
3746	2015	283	190128	0.0	1.0	Visitante	8	315	CRU	CHA
3750	2016	283	201494	0.0	0.0	Empate	31	315	CRU	CHA
3754	2017	283	211313	0.0	2.0		4	315	CRU	CHA
3758	2014	287	180105	0.0	0.0	Empate	15	315	VIT	CHA
3762	2016	287	201352	1.0	2.0	Visitante	9	315	VIT	CHA
3766	2017	287	211566	1.0	2.0		16	315	VIT	CHA
3770	2014	284	179970	1.0	0.0	Casa	23	315	GRE	CHA
3774	2015	284	190358	2.0	3.0	Visitante	31	315	GRE	CHA
3778	2016	284	201421	1.0	0.0	Casa	27	315	GRE	CHA
3782	2017	284	211455	0.0	1.0		24	315	GRE	CHA
3786	2014	316	180223	1.0	0.0	Casa	33	315	FIG	CHA
3790	2015	316	190410	0.0	0.0	Empate	36	315	FIG	CHA
3794	2016	316	201477	1.0	1.0	Empate	15	315	FIG	CHA
3798	2014	290	180163	4.0	2.0	Casa	38	315	GOI	CHA
3800	2015	290	190231	0.0	0.0	Empate	18	315	GOI	CHA
3802	2015	267	190347	1.0	1.0	Empate	30	315	VAS	CHA
3804	2017	267	211410	1.0	1.0		26	315	VAS	CHA
3806	2015	314	190180	2.0	1.0	Casa	13	315	AVA	CHA
3808	2017	314	211488	1.0	0.0		22	315	AVA	CHA
3810	2015	303	190085	3.0	1.0	Casa	4	315	PON	CHA
3814	2016	303	201326	2.0	1.0	Casa	7	315	PON	CHA
3818	2017	303	211357	3.0	2.0		6	315	PON	CHA
3822	2015	317	190293	0.0	0.0	Empate	24	315	JEC	CHA
3824	2016	327	201294	1.0	2.0	Visitante	21	315	AME	CHA
3826	2016	344	201337	2.0	2.0	Empate	23	315	SCZ	CHA
3828	2017	373	211227	1.0	1.0		36	315	ACG	CHA
3830	2014	262	180185	3.0	2.0	Casa	34	294	FLA	CFC
3834	2015	262	190307	0.0	2.0	Visitante	26	294	FLA	CFC
3838	2016	262	201578	2.0	2.0	Empate	36	294	FLA	CFC
3842	2017	262	211560	2.0	1.0		16	294	FLA	CFC
3846	2014	266	180083	1.0	1.0	Empate	14	294	FLU	CFC
3850	2015	266	190095	2.0	0.0	Casa	5	294	FLU	CFC
3854	2016	266	201431	0.0	0.0	Empate	13	294	FLU	CFC
3858	2017	266	211259	2.0	2.0		33	294	FLU	CFC
3862	2014	276	179896	2.0	2.0	Empate	3	294	SAO	CFC
3866	2015	276	190174	3.0	1.0	Casa	13	294	SAO	CFC
3870	2016	276	201305	0.0	0.0	Empate	22	294	SAO	CFC
3874	2017	276	211552	1.0	2.0		18	294	SAO	CFC
3878	2014	277	179924	2.0	1.0	Casa	21	294	SAN	CFC
3882	2015	277	190214	3.0	0.0	Casa	17	294	SAN	CFC
3886	2016	277	201239	2.0	1.0	Casa	2	294	SAN	CFC
3890	2017	277	211271	1.0	0.0		2	294	SAN	CFC
3894	2014	293	179981	2.0	0.0	Casa	7	294	CAP	CFC
3898	2015	293	190130	2.0	2.0	Empate	8	294	CAP	CFC
3902	2016	293	201501	2.0	0.0	Casa	31	294	CAP	CFC
3906	2017	293	211464	1.0	1.0		23	294	CAP	CFC
3910	2014	282	180181	1.0	2.0	Visitante	37	294	CAM	CFC
3914	2015	282	190149	2.0	0.0	Casa	10	294	CAM	CFC
3918	2016	282	201473	2.0	1.0	Casa	15	294	CAM	CFC
3922	2017	282	211223	3.0	0.0		36	294	CAM	CFC
3926	2014	265	180172	0.0	0.0	Empate	19	294	BAH	CFC
3928	2017	265	211416	1.0	1.0		26	294	BAH	CFC
3930	2014	285	180007	4.0	2.0	Casa	25	294	INT	CFC
3934	2015	285	190107	2.0	0.0	Casa	6	294	INT	CFC
3938	2016	285	201455	1.0	0.0	Casa	29	294	INT	CFC
3942	2014	288	180010	1.0	0.0	Casa	8	294	CRI	CFC
3944	2014	315	179881	0.0	0.0	Empate	1	294	CHA	CFC
3948	2015	315	190062	2.0	1.0	Casa	1	294	CHA	CFC
3952	2016	315	201355	1.0	0.0	Casa	24	294	CHA	CFC
3956	2017	315	211208	2.0	1.0		38	294	CHA	CFC
3960	2014	263	180040	1.0	0.0	Casa	11	294	BOT	CFC
3964	2016	263	201533	0.0	0.0	Empate	33	294	BOT	CFC
3968	2017	263	211349	2.0	2.0		6	294	BOT	CFC
3974	2014	292	179962	1.0	0.0	Casa	23	294	SPT	CFC
3978	2015	292	190081	1.0	0.0	Casa	3	294	SPT	CFC
3982	2016	292	201408	0.0	1.0	Visitante	26	294	SPT	CFC
3986	2017	292	211305	3.0	4.0		31	294	SPT	CFC
3988	2014	264	180189	2.0	2.0	Empate	32	294	COR	CFC
3992	2015	264	190384	2.0	1.0	Casa	34	294	COR	CFC
3996	2016	264	201298	2.0	1.0	Casa	6	294	COR	CFC
4000	2017	264	211372	3.0	1.0		27	294	COR	CFC
4004	2014	275	180128	1.0	0.0	Casa	17	294	PAL	CFC
4008	2015	275	190415	0.0	2.0	Visitante	37	294	PAL	CFC
4012	2016	275	201417	2.0	1.0	Casa	27	294	PAL	CFC
4016	2017	275	211451	1.0	0.0		24	294	PAL	CFC
4020	2014	283	179937	3.0	2.0	Casa	5	294	CRU	CFC
4024	2015	283	190329	2.0	0.0	Casa	28	294	CRU	CFC
4028	2016	283	203411	2.0	2.0	Empate	20	294	CRU	CFC
4032	2017	283	211423	2.0	0.0		10	294	CRU	CFC
4036	2014	287	180208	1.0	1.0	Empate	35	294	VIT	CFC
4040	2016	287	201522	3.0	1.0	Casa	18	294	VIT	CFC
4044	2017	287	211296	0.0	1.0		3	294	VIT	CFC
4048	2014	284	180061	2.0	3.0	Visitante	12	294	GRE	CFC
4052	2015	284	190258	0.0	0.0	Empate	21	294	GRE	CFC
4056	2016	284	201261	2.0	0.0	Casa	4	294	GRE	CFC
4060	2017	284	211405	2.0	0.0		9	294	GRE	CFC
4064	2014	316	180253	4.0	0.0	Casa	29	294	FIG	CFC
4068	2015	316	190190	0.0	0.0	Empate	14	294	FIG	CFC
4072	2016	316	201399	0.0	0.0	Empate	11	294	FIG	CFC
4076	2014	290	180113	3.0	0.0	Casa	28	294	GOI	CFC
4078	2015	290	190402	1.0	3.0	Visitante	35	294	GOI	CFC
4080	2015	267	190236	0.0	1.0	Visitante	19	294	VAS	CFC
4082	2017	267	211320	1.0	1.0		30	294	VAS	CFC
4084	2015	314	190280	0.0	2.0	Visitante	23	294	AVA	CFC
4086	2017	314	211498	1.0	4.0		13	294	AVA	CFC
4088	2015	303	190356	3.0	0.0	Casa	31	294	PON	CFC
4092	2016	303	201606	2.0	0.0	Casa	38	294	PON	CFC
4096	2017	303	211547	4.0	0.0		15	294	PON	CFC
4100	2015	317	190353	3.0	1.0	Casa	30	294	JEC	CFC
4102	2016	327	201367	2.0	1.0	Casa	9	294	AME	CFC
4104	2016	344	201502	0.0	1.0	Visitante	16	294	SCZ	CFC
4106	2017	373	211527	1.0	0.0		20	294	ACG	CFC
4108	2014	262	180225	1.0	1.0	Empate	36	288	FLA	CRI
4110	2014	266	180246	4.0	2.0	Casa	29	288	FLU	CRI
4112	2014	276	180067	1.0	1.0	Empate	13	288	SAO	CRI
4114	2014	277	180020	2.0	0.0	Casa	9	288	SAN	CRI
4116	2014	293	180047	2.0	0.0	Casa	11	288	CAP	CRI
4118	2014	282	179983	0.0	0.0	Empate	7	288	CAM	CRI
4120	2014	265	180120	0.0	0.0	Empate	16	288	BAH	CRI
4121	2014	285	179987	3.0	0.0	Casa	24	288	INT	CRI
4123	2014	315	180011	1.0	1.0	Empate	25	288	CHA	CRI
4125	2014	263	179909	6.0	0.0	Casa	4	288	BOT	CRI
4128	2014	292	180137	2.0	0.0	Casa	18	288	SPT	CRI
4129	2014	264	180148	2.0	1.0	Casa	38	288	COR	CRI
4131	2014	275	179900	1.0	0.0	Casa	20	288	PAL	CRI
4133	2014	294	180076	1.0	0.0	Casa	27	288	CFC	CRI
4135	2014	283	180218	3.0	1.0	Casa	33	288	CRU	CRI
4137	2014	287	180159	3.0	1.0	Casa	31	288	VIT	CRI
4139	2014	284	180107	2.0	0.0	Casa	15	288	GRE	CRI
4141	2014	316	179955	1.0	1.0	Empate	22	288	FIG	CRI
4143	2014	290	179891	1.0	0.0	Casa	2	288	GOI	CRI
4144	2014	262	180226	2.0	0.0	Casa	30	285	FLA	INT
4148	2015	262	190357	0.0	1.0	Visitante	31	285	FLA	INT
4152	2016	262	201405	1.0	0.0	Casa	12	285	FLA	INT
4156	2014	266	180015	1.0	1.0	Empate	9	285	FLU	INT
4160	2015	266	190416	1.0	1.0	Empate	37	285	FLU	INT
4164	2016	266	201599	1.0	1.0	Empate	38	285	FLU	INT
4168	2014	276	180193	1.0	1.0	Empate	35	285	SAO	INT
4172	2015	276	190274	2.0	0.0	Casa	23	285	SAO	INT
4176	2016	276	201238	1.0	2.0	Visitante	2	285	SAO	INT
4180	2014	277	180199	1.0	2.0	Visitante	32	285	SAN	INT
4184	2015	277	190325	3.0	1.0	Casa	28	285	SAN	INT
4188	2016	277	201259	0.0	1.0	Visitante	4	285	SAN	INT
4192	2014	293	179967	0.0	1.0	Visitante	23	285	CAP	INT
4196	2015	293	190060	3.0	0.0	Casa	1	285	CAP	INT
4200	2016	293	201353	2.0	1.0	Casa	24	285	CAP	INT
4204	2014	282	180130	1.0	0.0	Casa	17	285	CAM	INT
4208	2015	282	190349	2.0	1.0	Casa	30	285	CAM	INT
4212	2016	282	201420	3.0	1.0	Casa	27	285	CAM	INT
4216	2014	265	180060	0.0	1.0	Visitante	12	285	BAH	INT
4218	2014	288	179943	0.0	0.0	Empate	5	285	CRI	INT
4220	2014	315	180087	5.0	0.0	Casa	27	285	CHA	INT
4224	2015	315	190403	1.0	0.0	Casa	35	285	CHA	INT
4228	2016	315	201283	1.0	0.0	Casa	20	285	CHA	INT
4232	2014	263	179882	2.0	2.0	Empate	2	285	BOT	INT
4236	2016	263	201470	1.0	0.0	Casa	30	285	BOT	INT
4242	2014	292	179940	0.0	0.0	Empate	22	285	SPT	INT
4246	2015	292	190152	3.0	0.0	Casa	10	285	SPT	INT
4250	2016	292	201321	1.0	1.0	Empate	22	285	SPT	INT
4252	2014	264	180034	2.0	1.0	Casa	10	285	COR	INT
4256	2015	264	190113	2.0	1.0	Casa	7	285	COR	INT
4260	2016	264	201579	1.0	0.0	Casa	36	285	COR	INT
4264	2014	275	180139	0.0	1.0	Visitante	18	285	PAL	INT
4268	2015	275	190094	1.0	1.0	Empate	5	285	PAL	INT
4272	2016	275	201559	1.0	0.0	Casa	34	285	PAL	INT
4276	2014	294	179952	1.0	1.0	Empate	6	285	CFC	INT
4280	2015	294	190301	0.0	1.0	Visitante	25	285	CFC	INT
4284	2016	294	201380	1.0	1.0	Empate	10	285	CFC	INT
4288	2014	283	180024	2.0	1.0	Casa	26	285	CRU	INT
4292	2015	283	190243	0.0	0.0	Empate	19	285	CRU	INT
4296	2016	283	201531	4.0	2.0	Casa	18	285	CRU	INT
4300	2014	287	179907	2.0	0.0	Casa	20	285	VIT	INT
4304	2016	287	201295	1.0	0.0	Casa	6	285	VIT	INT
4308	2014	284	180222	4.0	1.0	Casa	33	285	GRE	INT
4312	2015	284	190216	5.0	0.0	Casa	17	285	GRE	INT
4316	2016	284	201521	0.0	0.0	Empate	32	285	GRE	INT
4320	2014	316	180160	1.0	2.0	Visitante	38	285	FIG	INT
4324	2015	316	190129	0.0	0.0	Empate	8	285	FIG	INT
4328	2016	316	201366	3.0	2.0	Casa	9	285	FIG	INT
4332	2014	290	180110	0.0	1.0	Visitante	15	285	GOI	INT
4334	2015	290	190382	2.0	1.0	Casa	33	285	GOI	INT
4336	2015	267	190076	1.0	1.0	Empate	3	285	VAS	INT
4338	2015	314	190260	3.0	0.0	Casa	21	285	AVA	INT
4340	2015	303	190195	0.0	0.0	Empate	15	285	PON	INT
4344	2016	303	201500	2.0	2.0	Empate	16	285	PON	INT
4348	2015	317	190183	0.0	2.0	Visitante	13	285	JEC	INT
4350	2016	327	201406	1.0	0.0	Casa	26	285	AME	INT
4352	2016	344	201463	1.0	0.0	Casa	14	285	SCZ	INT
4354	2015	262	190267	3.0	0.0	Casa	22	314	FLA	AVA
4356	2017	262	211430	1.0	1.0		25	314	FLA	AVA
4358	2015	266	190406	3.0	1.0	Casa	36	314	FLU	AVA
4360	2017	266	211359	1.0	0.0		28	314	FLU	AVA
4362	2015	276	190123	1.0	1.0	Empate	8	314	SAO	AVA
4364	2017	276	211272	2.0	0.0		2	314	SAO	AVA
4366	2015	277	190246	5.0	2.0	Casa	20	314	SAN	AVA
4368	2017	277	211201	1.0	1.0		38	314	SAN	AVA
4370	2015	293	190390	2.0	1.0	Casa	34	314	CAP	AVA
4372	2017	293	211554	5.0	0.0		18	314	CAP	AVA
4374	2015	282	190289	2.0	0.0	Casa	24	314	CAM	AVA
4376	2017	282	211333	1.0	0.0		5	314	CAM	AVA
4378	2017	265	211516	1.0	1.0		14	314	BAH	AVA
4379	2015	285	190067	1.0	0.0	Casa	2	314	INT	AVA
4381	2015	315	190373	0.0	0.0	Empate	32	314	CHA	AVA
4383	2017	315	211298	2.0	0.0		3	314	CHA	AVA
4385	2017	263	211419	0.0	2.0		10	314	BOT	AVA
4388	2015	292	190352	3.0	0.0	Casa	30	314	SPT	AVA
4390	2017	292	211465	0.0	1.0		23	314	SPT	AVA
4391	2015	264	190424	1.0	1.0	Empate	38	314	COR	AVA
4393	2017	264	211252	1.0	0.0		34	314	COR	AVA
4395	2015	275	190165	3.0	0.0	Casa	12	314	PAL	AVA
4397	2017	275	211571	2.0	0.0		17	314	PAL	AVA
4399	2015	294	190090	1.0	2.0	Visitante	4	314	CFC	AVA
4401	2017	294	211284	4.0	0.0		32	314	CFC	AVA
4403	2015	283	190189	1.0	1.0	Empate	14	314	CRU	AVA
4405	2017	283	211233	2.0	2.0		35	314	CRU	AVA
4407	2017	287	211526	0.0	1.0		20	314	VIT	AVA
4409	2015	284	190328	3.0	1.0	Casa	28	314	GRE	AVA
4411	2017	284	211475	0.0	2.0		12	314	GRE	AVA
4413	2015	316	190310	0.0	1.0	Visitante	26	314	FIG	AVA
4415	2015	290	190111	0.0	1.0	Visitante	6	314	GOI	AVA
4416	2015	267	190147	1.0	0.0	Casa	10	314	VAS	AVA
4417	2017	267	211390	1.0	0.0		8	314	VAS	AVA
4418	2015	303	190225	2.0	0.0	Casa	18	314	PON	AVA
4420	2017	303	211327	1.0	2.0		30	314	PON	AVA
4422	2015	317	190212	2.0	0.0	Casa	16	314	JEC	AVA
4423	2017	373	211387	3.0	1.0		7	314	ACG	AVA
4424	2015	262	190327	1.0	2.0	Visitante	28	267	FLA	VAS
4426	2017	262	211300	0.0	0.0		31	267	FLA	VAS
4428	2015	266	190186	1.0	2.0	Visitante	14	267	FLU	VAS
4430	2017	266	211479	0.0	1.0		22	267	FLU	VAS
4432	2015	276	190354	2.0	2.0	Empate	31	267	SAO	VAS
4434	2017	276	211542	1.0	0.0		15	267	SAO	VAS
4436	2015	277	190224	1.0	0.0	Casa	18	267	SAN	VAS
4438	2017	277	211261	1.0	2.0		33	267	SAN	VAS
4440	2015	293	190110	2.0	0.0	Casa	6	267	CAP	VAS
4442	2017	293	211224	3.0	1.0		36	267	CAP	VAS
4444	2015	282	190088	3.0	0.0	Casa	4	267	CAM	VAS
4446	2017	282	211563	1.0	2.0		16	267	CAM	VAS
4448	2017	265	211506	3.0	0.0		21	267	BAH	VAS
4449	2015	285	190268	6.0	0.0	Casa	22	267	INT	VAS
4451	2015	315	190163	1.0	0.0	Casa	11	267	CHA	VAS
4453	2017	315	211388	2.0	1.0		7	267	CHA	VAS
4455	2017	263	211399	3.0	1.0		9	267	BOT	VAS
4458	2015	292	190131	2.0	1.0	Casa	8	267	SPT	VAS
4460	2017	292	211435	1.0	1.0		25	267	SPT	VAS
4461	2015	264	190203	3.0	0.0	Casa	16	267	COR	VAS
4463	2017	264	211452	1.0	0.0		24	267	COR	VAS
4465	2015	275	190385	0.0	2.0	Visitante	34	267	PAL	VAS
4467	2017	275	211241	4.0	0.0		1	267	PAL	VAS
4469	2015	294	190431	0.0	0.0	Empate	38	267	CFC	VAS
4471	2017	294	211444	2.0	2.0		11	267	CFC	VAS
4473	2015	283	190437	2.0	2.0	Empate	26	267	CRU	VAS
4475	2017	283	211213	0.0	1.0		37	267	CRU	VAS
4477	2017	287	211496	1.0	4.0		13	267	VIT	VAS
4479	2015	284	190178	2.0	0.0	Casa	13	267	GRE	VAS
4481	2017	284	211315	2.0	0.0		4	267	GRE	VAS
4483	2015	316	190069	0.0	0.0	Empate	2	267	FIG	VAS
4485	2015	290	190252	3.0	0.0	Casa	20	267	GOI	VAS
4486	2015	314	190340	1.0	1.0	Empate	29	267	AVA	VAS
4487	2017	314	211378	1.0	2.0		27	267	AVA	VAS
4488	2015	303	190286	0.0	1.0	Visitante	24	267	PON	VAS
4490	2017	303	211537	0.0	0.0		19	267	PON	VAS
4492	2015	317	190413	1.0	2.0	Visitante	36	267	JEC	VAS
4493	2017	373	211347	0.0	1.0		29	267	ACG	VAS
4494	2015	262	190337	2.0	0.0	Casa	29	317	FLA	JEC
4496	2015	266	190055	1.0	0.0	Casa	1	317	FLU	JEC
4498	2015	276	190073	3.0	0.0	Casa	3	317	SAO	JEC
4500	2015	277	190194	2.0	0.0	Casa	15	317	SAN	JEC
4502	2015	293	190281	0.0	0.0	Empate	23	317	CAP	JEC
4504	2015	282	190138	1.0	0.0	Casa	9	317	CAM	JEC
4506	2015	285	190368	1.0	0.0	Casa	32	317	INT	JEC
4508	2015	315	190102	2.0	0.0	Casa	5	317	CHA	JEC
4511	2015	292	190121	2.0	1.0	Casa	7	317	SPT	JEC
4512	2015	264	190294	3.0	0.0	Casa	25	317	COR	JEC
4514	2015	275	190255	3.0	2.0	Casa	21	317	PAL	JEC
4516	2015	294	190161	0.0	0.0	Empate	11	317	CFC	JEC
4518	2015	283	190419	3.0	0.0	Casa	37	317	CRU	JEC
4520	2015	284	190237	2.0	1.0	Casa	19	317	GRE	JEC
4522	2015	316	190170	0.0	2.0	Visitante	12	317	FIG	JEC
4524	2015	290	190322	3.0	0.0	Casa	27	317	GOI	JEC
4525	2015	267	190215	0.0	0.0	Empate	17	317	VAS	JEC
4526	2015	314	190400	2.0	1.0	Casa	35	317	AVA	JEC
4527	2015	303	190376	1.0	0.0	Casa	33	317	PON	JEC
4529	2015	262	190407	1.0	1.0	Empate	36	303	FLA	PON
4533	2016	262	201325	2.0	1.0	Casa	23	303	FLA	PON
4537	2017	262	211380	2.0	0.0		7	303	FLA	PON
4541	2015	266	190125	2.0	0.0	Casa	8	303	FLU	PON
4545	2016	266	201505	3.0	0.0	Casa	17	303	FLU	PON
4549	2017	266	211219	2.0	0.0		36	303	FLU	PON
4553	2015	276	190254	3.0	0.0	Casa	21	303	SAO	PON
4557	2016	276	201515	2.0	0.0	Casa	32	303	SAO	PON
4561	2017	276	211462	2.0	2.0		23	303	SAO	PON
4565	2015	277	190104	2.0	2.0	Empate	6	303	SAN	PON
4569	2016	277	201472	3.0	1.0	Casa	15	303	SAN	PON
4573	2017	277	211391	0.0	0.0		8	303	SAN	PON
4577	2015	293	190331	1.0	2.0	Visitante	28	303	CAP	PON
4581	2016	293	201422	3.0	0.0	Casa	27	303	CAP	PON
4585	2017	293	211564	0.0	2.0		16	303	CAP	PON
4589	2015	282	190369	2.0	1.0	Casa	32	303	CAM	PON
4593	2016	282	201360	3.0	0.0	Casa	9	303	CAM	PON
4597	2017	282	211293	2.0	2.0		3	303	CAM	PON
4601	2017	265	211286	2.0	0.0		32	303	BAH	PON
4603	2015	285	190388	1.0	0.0	Casa	34	303	INT	PON
4607	2016	285	201572	1.0	1.0	Empate	35	303	INT	PON
4611	2015	315	190283	0.0	0.0	Empate	23	303	CHA	PON
4615	2016	315	201403	2.0	2.0	Empate	26	303	CHA	PON
4619	2017	315	211438	1.0	0.0		25	303	CHA	PON
4623	2016	263	201588	1.0	1.0	Empate	37	303	BOT	PON
4627	2017	263	211269	2.0	0.0		2	303	BOT	PON
4633	2015	292	190241	1.0	1.0	Empate	19	303	SPT	PON
4637	2016	292	201553	1.0	0.0	Casa	33	303	SPT	PON
4641	2017	292	211525	0.0	0.0		20	303	SPT	PON
4643	2015	264	190144	2.0	0.0	Casa	10	303	COR	PON
4647	2016	264	201248	3.0	0.0	Casa	3	303	COR	PON
4651	2017	264	211472	2.0	0.0		12	303	COR	PON
4655	2015	275	190345	0.0	1.0	Visitante	30	303	PAL	PON
4659	2016	275	201289	2.0	2.0	Empate	21	303	PAL	PON
4663	2017	275	211341	2.0	0.0		29	303	PAL	PON
4667	2015	294	190171	0.0	0.0	Empate	12	303	CFC	PON
4671	2016	294	201550	3.0	1.0	Casa	19	303	CFC	PON
4675	2017	294	211254	1.0	1.0		34	303	CFC	PON
4679	2015	283	190078	1.0	1.0	Empate	3	303	CRU	PON
4683	2016	283	201451	2.0	0.0	Casa	29	303	CRU	PON
4687	2017	283	211363	2.0	1.0		28	303	CRU	PON
4691	2016	287	201387	1.0	1.0	Empate	11	303	VIT	PON
4695	2017	287	211556	3.0	1.0		18	303	VIT	PON
4699	2015	284	190057	3.0	3.0	Empate	1	303	GRE	PON
4703	2016	284	201303	1.0	0.0	Casa	6	303	GRE	PON
4707	2017	284	211515	3.0	1.0		14	303	GRE	PON
4711	2015	316	190209	3.0	1.0	Casa	16	303	FIG	PON
4715	2016	316	201232	0.0	0.0	Empate	1	303	FIG	PON
4719	2015	290	190312	1.0	2.0	Visitante	26	303	GOI	PON
4721	2015	267	190096	0.0	3.0	Visitante	5	303	VAS	PON
4723	2017	267	211200	2.0	1.0		38	303	VAS	PON
4725	2015	314	190420	1.0	0.0	Casa	37	303	AVA	PON
4727	2017	314	211449	0.0	0.0		11	303	AVA	PON
4729	2015	317	190192	1.0	1.0	Empate	14	303	JEC	PON
4731	2016	327	201274	1.0	2.0	Visitante	5	303	AME	PON
4733	2016	344	201419	0.0	3.0	Visitante	12	303	SCZ	PON
4735	2017	373	211337	3.0	0.0		5	303	ACG	PON
4737	2016	262	201444	3.0	0.0	Casa	29	344	FLA	SCZ
4739	2016	266	201237	2.0	2.0	Empate	2	344	FLU	SCZ
4741	2016	276	201600	5.0	0.0	Casa	38	344	SAO	SCZ
4743	2016	277	201395	3.0	2.0	Casa	26	344	SAN	SCZ
4745	2016	293	201304	1.0	0.0	Casa	6	344	CAP	SCZ
4747	2016	282	201511	3.0	0.0	Casa	17	344	CAM	SCZ
4749	2016	285	201544	1.0	1.0	Empate	33	344	INT	SCZ
4751	2016	315	201263	1.0	1.0	Empate	4	344	CHA	SCZ
4753	2016	263	201429	2.0	1.0	Casa	13	344	BOT	SCZ
4756	2016	292	201358	5.0	3.0	Casa	24	344	SPT	SCZ
4757	2016	264	201389	2.0	1.0	Casa	11	344	COR	SCZ
4759	2016	275	201359	3.0	1.0	Casa	9	344	PAL	SCZ
4761	2016	294	201573	1.0	0.0	Casa	35	344	CFC	SCZ
4763	2016	283	201310	2.0	0.0	Casa	22	344	CRU	SCZ
4765	2016	287	201275	2.0	2.0	Empate	20	344	VIT	SCZ
4767	2016	284	201532	0.0	0.0	Empate	18	344	GRE	SCZ
4769	2016	316	201423	3.0	1.0	Casa	27	344	FIG	SCZ
4771	2016	303	201506	3.0	0.0	Casa	31	344	PON	SCZ
4773	2016	327	201478	0.0	3.0	Visitante	15	344	AME	SCZ
4774	2016	262	201488	2.0	1.0	Casa	16	327	FLA	AME
4776	2016	266	201277	1.0	0.0	Casa	20	327	FLU	AME
4778	2016	276	201454	3.0	0.0	Casa	14	327	SAO	AME
4780	2016	277	201601	1.0	0.0	Casa	38	327	SAN	AME
4782	2016	293	201447	1.0	0.0	Casa	13	327	CAP	AME
4784	2016	282	201479	3.0	0.0	Casa	30	327	CAM	AME
4786	2016	285	201320	3.0	1.0	Casa	7	327	INT	AME
4788	2016	315	201243	3.0	1.0	Casa	2	327	CHA	AME
4790	2016	263	201332	3.0	1.0	Casa	8	327	BOT	AME
4793	2016	292	201539	1.0	1.0	Empate	18	327	SPT	AME
4794	2016	264	201491	2.0	0.0	Casa	31	327	COR	AME
4796	2016	275	201375	2.0	0.0	Casa	10	327	PAL	AME
4798	2016	294	201438	3.0	0.0	Casa	28	327	CFC	AME
4800	2016	283	201260	1.0	1.0	Empate	4	327	CRU	AME
4802	2016	287	201299	2.0	1.0	Casa	22	327	VIT	AME
4804	2016	284	201583	3.0	0.0	Casa	36	327	GRE	AME
4806	2016	316	201378	2.0	2.0	Empate	25	327	FIG	AME
4808	2016	303	201356	1.0	1.0	Empate	24	327	PON	AME
4810	2016	344	201565	1.0	0.0	Casa	34	327	SCZ	AME
4811	2017	262	211500	2.0	0.0		21	373	FLA	ACG
4813	2017	266	211529	3.0	1.0		19	373	FLU	ACG
4815	2017	276	211492	2.0	2.0		13	373	SAO	ACG
4817	2017	277	211321	1.0	0.0		30	373	SAN	ACG
4819	2017	293	211374	2.0	2.0		27	373	CAP	ACG
4821	2017	282	211263	3.0	2.0		33	373	CAM	ACG
4823	2017	265	211316	3.0	0.0		4	373	BAH	ACG
4824	2017	315	211578	1.0	2.0		17	373	CHA	ACG
4826	2017	263	211229	1.0	2.0		35	373	BOT	ACG
4829	2017	292	211545	4.0	0.0		15	373	SPT	ACG
4830	2017	264	211482	0.0	1.0		22	373	COR	ACG
4832	2017	275	211401	1.0	0.0		9	373	PAL	ACG
4834	2017	294	211244	4.0	1.0		1	373	CFC	ACG
4836	2017	283	211353	2.0	0.0		6	373	CRU	ACG
4838	2017	287	211306	1.0	1.0		31	373	VIT	ACG
4840	2017	284	211215	1.0	1.0		37	373	GRE	ACG
4842	2017	267	211420	1.0	0.0		10	373	VAS	ACG
4843	2017	314	211418	0.0	2.0		26	373	AVA	ACG
4844	2017	303	211457	1.0	3.0		24	373	PON	ACG
4846	2014	266	179911	2.0	0.0	Casa	4	262	FLU	FLA
4850	2015	266	190276	1.0	3.0	Visitante	23	262	FLU	FLA
4854	2016	266	201471	1.0	2.0	Visitante	30	262	FLU	FLA
4858	2017	266	211389	2.0	2.0		8	262	FLU	FLA
4862	2014	276	179977	2.0	2.0	Empate	24	262	SAO	FLA
4866	2015	276	190053	2.0	1.0	Casa	1	262	SAO	FLA
4870	2016	276	201428	0.0	0.0	Empate	28	262	SAO	FLA
4874	2017	276	211322	2.0	0.0		30	262	SAO	FLA
4878	2014	277	179979	0.0	0.0	Empate	7	262	SAN	FLA
4882	2015	277	190395	0.0	0.0	Empate	35	262	SAN	FLA
4886	2016	277	201530	0.0	0.0	Empate	18	262	SAN	FLA
4890	2017	277	211551	3.0	2.0		18	262	SAN	FLA
4894	2014	293	180249	2.0	1.0	Casa	29	262	CAP	FLA
4898	2015	293	190421	3.0	0.0	Casa	37	262	CAP	FLA
4902	2016	293	201604	0.0	0.0	Empate	38	262	CAP	FLA
4906	2017	293	211294	1.0	1.0		3	262	CAP	FLA
4910	2014	282	180206	4.0	0.0	Casa	35	262	CAM	FLA
4914	2015	282	190319	4.0	1.0	Casa	27	262	CAM	FLA
4918	2016	282	201543	2.0	2.0	Empate	33	262	CAM	FLA
4922	2017	282	211523	2.0	0.0		20	262	CAM	FLA
4926	2014	265	180004	2.0	1.0	Casa	25	262	BAH	FLA
4928	2017	265	211426	0.0	1.0		10	262	BAH	FLA
4930	2014	285	180050	4.0	0.0	Casa	11	262	INT	FLA
4934	2015	285	190168	1.0	2.0	Visitante	12	262	INT	FLA
4938	2016	285	201498	2.0	1.0	Casa	31	262	INT	FLA
4942	2014	288	180133	0.0	2.0	Visitante	17	262	CRI	FLA
4944	2014	315	180078	1.0	0.0	Casa	13	262	CHA	FLA
4948	2015	315	190303	1.0	3.0	Visitante	25	262	CHA	FLA
4952	2016	315	201316	1.0	3.0	Visitante	22	262	CHA	FLA
4956	2017	315	211368	0.0	1.0		28	262	CHA	FLA
4960	2014	263	180135	2.0	1.0	Casa	31	262	BOT	FLA
4964	2016	263	201464	3.0	3.0	Empate	15	262	BOT	FLA
4968	2017	263	211459	2.0	0.0		23	262	BOT	FLA
4974	2014	292	180211	2.0	2.0	Empate	33	262	SPT	FLA
4978	2015	292	190262	0.0	1.0	Visitante	21	262	SPT	FLA
4982	2016	292	201285	1.0	0.0	Casa	20	262	SPT	FLA
4986	2017	292	211335	2.0	0.0		5	262	SPT	FLA
4988	2014	264	179884	2.0	0.0	Casa	2	262	COR	FLA
4992	2015	264	190364	1.0	0.0	Casa	32	262	COR	FLA
4996	2016	264	201432	4.0	0.0	Casa	13	262	COR	FLA
5000	2017	264	211572	1.0	1.0		17	262	COR	FLA
5004	2014	275	179945	2.0	2.0	Empate	22	262	PAL	FLA
5008	2015	275	190234	4.0	2.0	Casa	19	262	PAL	FLA
5012	2016	275	201368	1.0	1.0	Empate	25	262	PAL	FLA
5016	2017	275	211251	2.0	0.0		34	262	PAL	FLA
5020	2014	294	180102	0.0	1.0	Visitante	15	262	CFC	FLA
5024	2015	294	190120	0.0	1.0	Visitante	7	262	CFC	FLA
5028	2016	294	201514	0.0	2.0	Visitante	17	262	CFC	FLA
5032	2017	294	211234	1.0	0.0		35	262	CFC	FLA
5036	2014	283	180023	3.0	0.0	Casa	9	262	CRU	FLA
5040	2015	283	190098	1.0	0.0	Casa	5	262	CRU	FLA
5044	2016	283	201339	0.0	1.0	Visitante	8	262	CRU	FLA
5048	2017	283	211513	1.0	1.0		14	262	CRU	FLA
5052	2014	287	180144	1.0	2.0	Visitante	18	262	VIT	FLA
5056	2016	287	201342	1.0	2.0	Visitante	24	262	VIT	FLA
5060	2017	287	211206	1.0	2.0		38	262	VIT	FLA
5064	2014	284	180158	1.0	1.0	Empate	38	262	GRE	FLA
5068	2015	284	190378	2.0	0.0	Casa	33	262	GRE	FLA
5072	2016	284	201241	1.0	0.0	Casa	2	262	GRE	FLA
5076	2017	284	211285	3.0	1.0		32	262	GRE	FLA
5080	2014	316	180084	1.0	2.0	Visitante	27	262	FIG	FLA
5084	2015	316	190350	3.0	0.0	Casa	30	262	FIG	FLA
5088	2016	316	201324	1.0	0.0	Casa	7	262	FIG	FLA
5092	2014	290	179914	1.0	0.0	Casa	20	262	GOI	FLA
5094	2015	290	190201	0.0	1.0	Visitante	15	262	GOI	FLA
5096	2015	267	190136	1.0	0.0	Casa	9	262	VAS	FLA
5098	2017	267	211470	0.0	1.0		12	262	VAS	FLA
5100	2015	314	190079	2.0	1.0	Casa	3	262	AVA	FLA
5102	2017	314	211358	1.0	1.0		6	262	AVA	FLA
5104	2015	303	190220	1.0	0.0	Casa	17	262	PON	FLA
5108	2016	303	201264	1.0	2.0	Visitante	4	262	PON	FLA
5112	2017	303	211417	1.0	0.0		26	262	PON	FLA
5116	2015	317	190153	0.0	1.0	Visitante	10	262	JEC	FLA
5118	2016	327	201575	0.0	1.0	Visitante	35	262	AME	FLA
5120	2016	344	201385	0.0	1.0	Visitante	10	262	SCZ	FLA
5122	2017	373	211277	0.0	3.0		2	262	ACG	FLA
